Shelfmark ,Catalogue volume,Catalog pp. (begin),Catalog pp. (end),Wright’s Numeration ,Wright’s Dating,,Wright Numeration OCR,Shelfmark,ShelfmarkOCR,,,,,MS to fix
"Add. 12,133, foll. 109-169",1,31,32,LI,8c,,,"Add.12,133,foll.109-169","Add.12,133,foll.109-169",,,,,"Add.i7,272,foll.106-112"
"Add. 12,133, foll. 1-108",1,7,8,IX,8c(early),,,"Add.12,133,foll.1-108","Add.12,133,foll.1-108",,,,,"Add.I47O8,foll.1-51"
"Add. 12,134 ",1,29,31,XLIX,697,,,"Add.12,134","Add.12,134",,,"[Add. 14,425.J",,"Add.23,602.B,foll.26-28"
"Add. 12,135, foll. 1-43",1,24,26,XL,726,,,"Add.12,135,foll.1-43","Add.12,135,foll.1-43",,,,,"Add.23,602.B,foll.23,24"
"Add. 12,135, foll. 44-207",2,486,487,DCXIII,611,,,"Add.12,135,foll.44-207","Add.12,135,foll.44-207",,,,,"Add.23,602.B,foll.19-21"
"Add. 12,136 ",1,24,24,XXXIX,7c,,,"Add.12,136","Add.12,136",,,,,"Add.23,602.B,foll.1-18"
"Add. 12,137 ",1,50,52,LXXV,6c-7c,,,"Add.12,137","Add.12,137",,,,,"Add.23,602.B,fol.25"
"Add. 12,138 ",1,101,108,CLXI,899,,,"Add.12,138","Add.12,138",,,,,"Add.23,602.B,fol.22"
"Add. 12,139 ",1,154,159,CCXXIV,1000,,,"Add.12,139","Add.12,139",,,,,"Add.23,602.A,foll.99-101"
"Add. 12,140 ",1,49,49,LXXIII,6c,,,"Add.12,140","Add.12,140",,,,,"Add.23,602.A,foll.76-98"
"Add. 12,141 ",1,63,64,LXXXIX,6c-7c,,,"Add.12,141","Add.12,141",,,,,"Add.23,602.A,foll.1-75"
"Add. 12,142, foll. 108-242",2,465,466,DLXXXII,6c(early),,,"Add.12,142,foll.108-242","Add.12,142,foll.108-242",,,,,"Add.23,601"
"Add. 12,142, foll. 1-73",1,97,98,CLIV,6c-7c,,,"Add.12,142,foll.1-73","Add.12,142,foll.1-73",,,,,"Add.23,600"
"Add. 12,142, foll. 74-107",3,1092,1093,DCCCCXLIV,6c,,,"Add.12,142,foll.74-107","Add.12,142,foll.74-107",,,,,Add.17.166
"Add. 12,143 ",2,623,623,DCCXXII,1229,,,"Add.12,143","Add.12,143",,,,,"Add.17,2f8,foll.41,42"
"Add. 12,144 ",2,908,914,DCCCLIII,1081,,,"Add.12,144","Add.12,144",,,,,"Add.17,280,foll.1-19"
"Add. 12,145 ",1,251,254,CCCXIII,10c,,,"Add.12,145","Add.12,145",,,,,"Add.17,26i"
"Add. 12,146 ",1,258,261,CCCXIX,1007,,,"Add.12,146","Add.12,146",,,,,"Add.17,268,foll.1-118"
"Add. 12,147 ",1,261,264,CCCXX,1006,,,"Add.12,147","Add.12,147",,,,,"Add.17,267,foll.22-73"
"Add. 12,148 ",1,264,266,CCCXXI,1007,,,"Add.12,148","Add.12,148",,,,,"Add.17,267,foll.108-111"
"Add. 12,149 ",1,266,269,CCCXXII,1006,,,"Add.12,149","Add.12,149",,,,,"Add.17,267,foll,76-78"
"Add. 12,150 ",2,631,633,DCCXXVI,412,,,"Add.12,150","Add.12,150",,,,,"Add.17,267,fol.81"
"Add. 12,151 ",2,493,497,DCXXV,804,,,"Add.12,151","Add.12,151",,,,,"Add.17,267,fol.80"
"Add. 12,152 ",2,497,499,DCXXVI,837,,,"Add.12,152","Add.12,152",,,,,"Add.17,267,fol.74"
"Add. 12,153 ",2,423,428,DLV,845,,,"Add.12,153","Add.12,153",,,,,"Add.17,266,foll.1-82"
"Add. 12,154 ",2,976,989,DCCCLX,8c(late)-9c(early),,,"Add.12,154","Add.12,154",,,,,"Add.17,263,foll.70-103"
"Add. 12,155 ",2,921,955,DCCCLVII,8c,,,"Add.12,155","Add.12,155",,,,,"Add.17,261"
"Add. 12,156 ",2,639,648,DCCXXIX,6c,(<562),,"Add.12,156","Add.12,156",,,,,"Add.14,683"
"Add. 12,157 ",2,550,554,DCLXXXVIII,7c-8c,,,"Add.12,157","Add.12,157",,,,,"Add.14,659"
"Add. 12,158 ",2,555,557,DCXC,6c,-588,,"Add.12,158","Add.12,158",,,,,"Add.14,630"
"Add. 12,159 ",2,534,546,DCLXXXV,868,,,"Add.12,159","Add.12,159",,,,,"Add.14,625,foll.66-76"
"Add. 12,160, foll. 109-185",3,1090,1091,DCCCCXLII,6c,(late),,"Add.12,160,foll.109-185","Add.12,160,foll.109-185",,,,,"Add.14,624,foll.48-67"
"Add. 12,160, foll. 1-108",2,472,473,DXC,584,,,"Add.12,160,foll.1-108","Add.12,160,foll.1-108",,,,,"Add.14,624,foll.22-29"
"Add. 12,161 ",2,469,470,DLXXXVII,6c-7c,,,"Add.12,161","Add.12,161",,,,,"Add.14,623,foll.39-46"
"Add. 12,162 ",2,721,723,DCCLIX,9c,,,"Add.12,162","Add.12,162",,,,,"Add.14,622,foll.1-3"
"Add. 12,163, foll. 1-126",2,529,530,DCLXXVII,6c,,,"Add.12,163,foll.1-126","Add.12,163,foll.1-126",,,,,"Add.14,618"
"Add. 12,163, foll. 127-304",2,834,836,DCCCXIX,10c-11c,,,"Add.12,163,foll.127-304","Add.12,163,foll.127-304",,,,,"Add.14,611"
"Add. 12,163, foll. 305-311",2,445,445,DLXVI,7c,,,"Add.12,163,foll.305-311","Add.12,163,foll.305-311",,,,,"Add.14,602"
"Add. 12,164 ",2,527,529,DCLXXVI,6c,,,"Add.12,164","Add.12,164",,,,,"[Add. 14,455.]"
"Add. 12,165 ",2,842,851,DCCCXXV,1015,,,"Add.12,165","Add.12,165",,,,,
"Add. 12,166, foll. 1-154",2,674,676,DCCXLII,6c,,,"Add.12,166,foll.1-154","Add.12,166,foll.1-154",,,,,
"Add. 12,166, foll. 155-258",2,491,492,DCXX,553,,,"Add.12,166,foll.155-258","Add.12,166,foll.155-258",,,,,
"Add. 12,167 ",2,769,774,DCCLXXXV,876,,,"Add.12,167","Add.12,167",,,,,
"Add. 12,168 ",2,904,908,DCCCLII,8c-9c,,,"Add.12,168","Add.12,168",,,,,
"Add. 12,169, foll. 1-178",2,589,590,DCCIII,8c-9c,,,"Add.12,169,foll.1-178","Add.12,169,foll.1-178",,,,,
"Add. 12,169, foll. 179-218",2,673,674,DCCXLI,6c,,,"Add.12,169,foll.179-218","Add.12,169,foll.179-218",,,,,
"Add. 12,170, foll. 1-135",2,458,461,DLXXV,604,,,"Add.12,170,foll.1-135","Add.12,170,foll.1-135",,,,,
"Add. 12,170, foll. 136-276",2,746,752,DCCLXXIV,8c-9c(early),,,"Add.12,170,foll.136-276","Add.12,170,foll.136-276",,,,,
"Add. 12,170, foll. 277-279",2,752,752,DCCLXXV,8c-9c(early),,,"Add.12,170,foll.277-279","Add.12,170,foll.277-279",,,,,
"Add. 12,171, foll. 1-64",2,587,588,DCCI,815,,,"Add.12,171,foll.1-64","Add.12,171,foll.1-64",,,,,
"Add. 12,171, foll. 65-68",2,766,767,DCCLXXXII,833,,,"Add.12,171,foll.65-68","Add.12,171,foll.65-68",,,,,
"Add. 12,172, foll. 1-11",2,465,465,DLXXX,10c,,,"Add.12,172,foll.1-11","Add.12,172,foll.1-11",,,,,
"Add. 12,172, foll. 12-24",3,1116,1117,DCCCCLIII,10c,,,"Add.12,172,foll.12-24","Add.12,172,foll.12-24",,,,,
"Add. 12,172, foll. 136-196",1,6,7,VII,"9c-10c,10c-11c",,,"Add.12,172,foll.136-196","Add.12,172,foll.136-196",,,,,
"Add. 12,172, foll. 197-234",1,12,13,XVIII,6c-7c,,,"Add.12,172,foll.197-234","Add.12,172,foll.197-234",,,,,
"Add. 12,172, foll. 25-54",3,1117,1118,DCCCCLIV,10c,,,"Add.12,172,foll.25-54","Add.12,172,foll.25-54",,,,,
"Add. 12,172, foll. 55-64",2,608,608,DCCXII,9c,,,"Add.12,172,foll.55-64","Add.12,172,foll.55-64",,,,,
"Add. 12,172, foll. 65-135",2,592,605,DCCVII,9c,,,"Add.12,172,foll.65-135","Add.12,172,foll.65-135",,,,,
"Add. 12,173 ",3,1070,1072,DCCCCXXIII,6c-7c,,,"Add.12,173","Add.12,173",,,,,
"Add. 12,174 ",3,1123,1139,DCCCCLX,1197,,,"Add.12,174","Add.12,174",,,,,
"Add. 12,175, foll. 1-48",3,1100,1101,DCCCCXLVI,7c-8c,,,"Add.12,175,foll.1-48","Add.12,175,foll.1-48",,,,,
"Add. 12,175, foll. 49-80",2,657,658,DCCXXXVI,6c,,,"Add.12,175,foll.49-80","Add.12,175,foll.49-80",,,,,
"Add. 12,175, foll. 81-254",2,633,638,DCCXXVII,534,,,"Add.12,175,foll.81-254","Add.12,175,foll.81-254",,,,,
"Add. 12,176 ",2,409,410,DXXXVII,5c-6c,,,"Add.12,176","Add.12,176",,,,,
"Add. 12,177 ",1,58,60,LXXXIII,1189,,,"Add.12,177","Add.12,177",,,,,
"Add. 12,178 ",1,108,111,CLXII,9c-10c,,,"Add.12,178","Add.12,178",,,,,
"Add. 12,179 ",1,321,324,CCCCX,11c-12c,,,"Add.12,179","Add.12,179",,,,,
"Add. 12,180 ",2,474,475,DXCII,6c-7c,,,"Add.12,180","Add.12,180",,,,,
"Add. 12,181 ",2,558,564,DCXCII,8c,,,"Add.12,181","Add.12,181",,,,,
"Add. 14,425 ",1,3,5,III,464,,,"Add.14,425","Add.14,425",,,,,
"Add. 14,426 ",1,6,6,V,6c-7c,,,"Add.14,426","Add.14,426",,,,,
"Add. 14,427 ",1,5,6,IV,6c,,,"Add.14,427","Add.14,427",,,,,
"Add. 14,428 ",1,9,10,XI,724,,,"Add.14,428","Add.14,428",,,,,
"Add. 14,429 ",1,37,39,LX,719,,,"Add.14,429","Add.14,429",,,,,
"Add. 14,430 ",1,15,16,XXIV,724,,,"Add.14,430","Add.14,430",,,,,
"Add. 14,431 ",1,14,15,XXII,545,,,"Add.14,431","Add.14,431",,,,,
"Add. 14,432 ",1,21,21,XXXIV,6c,,,"Add.14,432","Add.14,432",,,,,
"Add. 14,433 ",1,126,126,CLXXVII,10c,,,"Add.14,433","Add.14,433",,,,,
"Add. 14,434, foll. 1-79",1,35,36,LIV,8c,(early),,"Add.14,434,foll.1-79","Add.14,434,foll.1-79",,,,,
"Add. 14,434, foll. 80-128",1,36,37,LV,8c,,,"Add.14,434,foll.80-128","Add.14,434,foll.80-128",,,,,
"Add. 14,435 ",1,122,123,CLXXI,9c,,,"Add.14,435","Add.14,435",,,,,
"Add. 14,436, foll. 1-76",1,119,120,CLXIX,8c-9c,,,"Add.14,436,foll.1-76","Add.14,436,foll.1-76",,,,,
"Add. 14,436, foll. 77-129",1,126,127,CLXXVIII,10c,,,"Add.14,436,foll.77-129","Add.14,436,foll.77-129",,,,,
"Add. 14,437, foll. 1-46",1,31,31,L,8c,,,"Add.14,437,foll.1-46","Add.14,437,foll.1-46",,,,,
"Add. 14,437, foll. 47-124",1,33,34,LIII,8c,,,"Add.14,437,foll.47-124","Add.14,437,foll.47-124",,,,,
"Add. 14,438, foll. 1-49",1,1,1,XII,6c,,,"Add.14,438,foll.1-49","Add.14,438,foll.1-49",,,,,
"Add. 14,438, foll. 50-101",1,13,14,XXI,6c,,,"Add.14,438,foll.50-101","Add.14,438,foll.50-101",,,,,
"Add. 14,439 ",1,13,13,XIX,6c-7c,,,"Add.14,439","Add.14,439",,,,,
"Add. 14,440 ",1,10,11,XVI,10c-11c,,,"Add.14,440","Add.14,440",,,,,
"Add. 14,441 ",1,39,39,LXI,719,,,"Add.14,441","Add.14,441",,,,,
"Add. 14,442, foll. 1-46",1,28,29,XLVIII,7c,,,"Add.14,442,foll.1-46","Add.14,442,foll.47-65",Here,,,,
"Add. 14,442, foll. 47-65",1,15,15,XXIII,6c-7c,,,"Add.14,442,foll.47-65","Add.14,442,folL1-46",Here,,,,
"Add. 14,443, foll. 1-34",1,17,17,XXVI,6c,,,"Add.14,443,foll.1-34","Add.14,443,foll.1-34",,,,,
"Add. 14,443, foll. 35-71",1,18,18,XXX,6c-7c,,,"Add.14,443,foll.35-71","Add.14,443,foll.35-71",,,,,
"Add. 14,443, foll. 72-98",1,18,18,XXXI,6c-7c,,,"Add.14,443,foll.72-98","Add.14,443,foll.72-98",,,,,
"Add. 14,443, foll. 99-144",1,27,27,XLII,6c,,,"Add.14,443,foll.99-144","Add.14,443,foll.99-144",,,,,
"Add. 14,444, foll. 1-24",1,6,6,VI,6c-7c,,,"Add.14,444,foll.1-24","Add.14,444,foll.1-24",,,,,
"Add. 14,444, foll. 25-38",1,8,8,X,6c,,,"Add.14,444,foll.25-38","Add.14,444,foll.25-38",,,,,
"Add. 14,445 ",1,26,7,XLI,532,,,"Add.14,445","Add.14,445",,,,,
"Add. 14,446 ",1,98,98,CLV,6c-7c,,,"Add.14,446","Add.14,446",,,,,
"Add. 14,447 ",1,98,98,CLVI,10c,,,"Add.14,447","Add.14,447",,,,,
"Add. 14,448 ",1,41,42,LXIV,699-700,,,"Add.14,448","Add.14,448",,,,,
"Add. 14,449 ",1,46,47,LXIX,6c-7c,,,"Add.14,449","Add.14,449",,,,,
"Add. 14,450 ",1,55,55,LXXIX,7c,,,"Add.14,450","Add.14,450",,,,,
"Add. 14,451 ",1,73,75,CXIX,5c,(late),,"Add.14,451","Add.14,451",,"[Add. 14,455.]",,,
"Add. 14,451 ",1,62,63,LXXXVIII,8c,,,"Add.14,451","Add.14,451",,,,,
"Add. 14,452 ",1,49,50,LXXIV,6c-7c,,,"Add.14,452","Add.14,452",,,,,
"Add. 14,453 ",1,44,45,LXVI,5c-6c,,,"Add.14,453","Add.14,453",,,,,
"Add. 14,454 ",1,62,62,LXXXVII,6c-7c,,,"Add.14,454","Add.14,454",,,,,
"Add. 14,455 ",1,45,45,LXVII,6c,,,"Add.14,455","Add.14,455",,,,,
"Add. 14,456 ",1,55,57,LXXX,8c,,,"Add.14,456","Add.14,456",,,,,
"Add. 14,457 ",1,47,47,LXX,6c-7c,,,"Add.14,457","Add.14,457",,,,,
"Add. 14,458 ",1,47,48,LXXI,6c-7c,,,"Add.14,458","Add.14,458",,,,,
"Add. 14,459, foll. 1-66",1,64,64,XC,5c,,,"Add.14,459,foll.1-66","Add.14,459,foll.1-66",,,,,
"Add. 14,459, foll. 67-169",1,67,68,CI,530-540,,,"Add.14,459,foll.67-169","Add.14,459,foll.67-169",,,,,
"Add. 14,460 ",1,52,53,LXXVI,600,,,"Add.14,460","Add.14,460",,,,,
"Add. 14,461, foll. 108-212",1,68,68,CII,9c-10c,,,"Add.14,461,foll.108-212","Add.14,461,foll.108-212",,,,,
"Add. 14,461, foll. 1-107",1,65,66,XCIV,6c,,,"Add.14,461,foll.1-107","Add.14,461,foll.1-107",,,,,
"Add. 14,462 ",1,64,65,XCII,6c,,,"Add.14,462","Add.14,462",,,,,
"Add. 14,463 ",1,54,55,LXXVIII,7c,,,"Add.14,463","Add.14,463",,,,,
"Add. 14,464 ",1,70,71,CX,6c,,,"Add.14,464","Add.14,464",,,,,
"Add. 14,465 ",1,60,61,LXXXV,12c,,,"Add.14,465","Add.14,465",,,,,
"Add. 14,466, foll. 1-10",1,69,69,CVI,12c,,,"Add.14,466,foll.1-10","Add.14,466,foll.1-10",,,,,
"Add. 14,466, foll. 11-17",1,67,67,C,10c-11c,,,"Add.14,466,foll.11-17","Add.14,466,foll.11-17",,,,,
"Add. 14,466, foll. 18-42",1,73,73,CXVIII,11c-12c,,,"Add.14,466,foll.18-42","Add.14,466,foll.18-42",,,,,
"Add. 14,466, foll. 43-59",2,836,837,DCCCXX,10c-11c,,,"Add.14,466,foll.43-59","Add.14,466,foll.43-59",,,,,
"Add. 14,467 ",1,66,67,XCVII,10c(early),,,"Add.14,467","Add.14,467",,,,,
"Add. 14,468, foll. 1-20",1,92,93,CXLIII,7c,,,"Add.14,468,foll.1-20","Add.14,468,foll.1-20",,,,,
"Add. 14,468, foll. 21-33",1,93,93,CXLVI,10c-11c,,,"Add.14,468,foll.21-33","Add.14,468,foll.21-33",,,,,
"Add. 14,469 ",1,75,76,CXX,936,,,"Add.14,469","Add.14,469",,,,,
"Add. 14,470 ",1,40,41,LXIII,"5c-6c,",9c,,"Add.14,470","Add.14,470",,,,,
"Add. 14,471 ",1,53,54,LXXVII,615,,,"Add.14,471","Add.14,471",,,,,
"Add. 14,472 ",1,81,82,CXXVIII,6c-7c,,,"Add.14,472","Add.14,472",,,,,
"Add. 14,473, foll. 1-139",1,79,80,CXXV,6c,,,"Add.14,473,foll.1-139","Add.14,473,foll.1-139",,,,,
"Add. 14,473, foll. 140-148",1,83,84,CXXXII,11c,,,"Add.14,473,foll.140-148","Add.14,473,foll.140-148",,,,,
"Add. 14,474 ",1,76,77,CXXI,9c,,,"Add.14,474","Add.14,474",,,,,
"Add. 14,475 ",1,86,87,CXXXVI,6c,,,"Add.14,475","Add.14,475",,,,,
"Add. 14,476 ",1,84,84,CXXXIII,5c-6c,,,"Add.14,476","Add.14,476",,,,,
"Add. 14,477 ",1,88,89,CXXXVIII,6c-7c,,,"Add.14,477","Add.14,477",,,,,
"Add. 14,478 ",1,90,92,CXLI,622,,,"Add.14,478","Add.14,478",,,,,
"Add. 14,479 ",1,86,86,CXXXV,534,,,"Add.14,479","Add.14,479",,,,,
"Add. 14,480 ",1,84,85,CXXXIV,5c-6c,,,"Add.14,480","Add.14,480",,,,,
"Add. 14,481 ",1,9,9,CXXXIX,6c-7c,,,"Add.14,481","Add.14,481",,,,,
"Add. 14,482 ",1,112,113,CLXV,11c-12c,,,"Add.14,482","Add.14,482",,,,,
"Add. 14,483 ",2,591,591,DCCVI,9c,,,"Add.14,483","Add.14,483",,,,,
"Add. 14,484, foll. 12-47",1,98,99,CLVII,6c,,,"Add.14,484,foll.12-47","Add.14,484,foll.12-47",,,,,
"Add. 14,484, foll. 134-152",3,1152,1153,DCCCCLXXXIII,6c,,,"Add.14,484,foll.134-152","Add.14,484,foll.134-152",,,,,
"Add. 14,484, foll. 1-8",1,99,99,CLVIII,5c-6c,,,"Add.14,484,foll.1-8","Add.14,484,foll.1-8",,,,,
"Add. 14,484, foll. 48-133",3,1152,1152,DCCCCLXXXII,6c,,,"Add.14,484,foll.48-133","Add.14,484,foll.48-133",,,,,
"Add. 14,484, foll. 9-11",1,99,100,CLIX,10c-11c,,,"Add.14,484,foll.9-11","Add.14,484,foll.9-11",,,,,
"Add. 14,485 ",1,146,149,CCXX,824,,,"Add.14,485","Add.14,485",,,,,
"Add. 14,486 ",1,149,152,CCXXI,824,,,"Add.14,486","Add.14,486",,,,,
"Add. 14,487 ",1,152,154,CCXXII,824,,,"Add.14,487","Add.14,487",,,,,
"Add. 14,488 ",1,194,200,CCL,11c,–prob.1023,,"Add.14,488","Add.14,488",,,,,
"Add. 14,489 ",1,200,202,CCLI,1046,,,"Add.14,489","Add.14,489",,,,,
"Add. 14,490 ",1,159,161,CCXXV,1089,,,"Add.14,490","Add.14,490",,,,,
"Add. 14,491 ",1,179,181,CCXLIV,9c-10c,,,"Add.14,491","Add.14,491",,,,,
"Add. 14,492 ",1,178,179,CCXLIII,862,,,"Add.14,492","Add.14,492",,,,,
"Add. 14,493 ",1,219,223,CCLXXXVI,10c,,,"Add.14,493","Add.14,493",,,,,
"Add. 14,494 ",1,217,218,CCLXXXIV,9c-10c,,,"Add.14,494","Add.14,494",,,,,
"Add. 14,495 ",1,227,228,CCXCI,10c-11c,,,"Add.14,495",,Here,,,,
"Add. 14,496 ",1,223,225,CCLXXXVII,10c,,,"Add.14,496","Add.14,496",,,,,
"Add. 14,497 ",1,231,232,CCXCVI,11c-12c,,,"Add.14,497","Add.14,497",,,,,
"Add. 14,498 ",1,230,231,CCXCV,1133,,,"Add.14,498","Add.14,498",,,,,
"Add. 14,499 ",1,229,230,CCXCIII,10c-11c,,,"Add.14,499","Add.14,499",,,,,
"Add. 14,500 ",1,23,23,CCXCIV,11c,,,"Add.14,500","Add.14,500",,,,,
"Add. 14,501 ",1,270,271,CCCXXIV,11c,,,"Add.14,501","Add.14,501",,,,,
"Add. 14,502 ",1,394,395,DXV,12c,,,"Add.14,502",,Here,,,,
"Add. 14,503 ",1,254,258,CCCXVIII,10c-11c,,,"Add.14,503",,Here,,,,
"Add. 14,504 ",1,280,282,CCCXXXVIII,9c,,,"Add.14,504","Add.14,504",,,,,
"Add. 14,505 ",1,282,283,CCCXXXIX,10c,,,"Add.14,505","Add.14,505",,,,,
"Add. 14,506, foll,1-96",1,368,368,CCCCLXIII,11c,,,"Add.14,506,foll.1-96","Add.14,506,foll.1-96",,,,,
"Add. 14,506, foll. 111-118",1,366,366,CCCCLV,9c,,,"Add.14,506,foll.111-118","Add.14,506,foll.111-118",,,,,
"Add. 14,506, foll. 119-235",1,247,249,CCCX,9c-10c,,,"Add.14,506,foll.119-235","Add.14,506,foll.119-235",,,,,
"Add. 14,506, foll. 97-110",1,367,367,CCCCLX,11c,,,"Add.14,506,foll.97-110","Add.14,506,foll.97-110",,,,,
"Add. 14,507 ",1,283,285,CCCXL,10c-11c,,,"Add.14,507","Add.14,507",,,,,
"Add. 14,508 ",1,324,325,CCCCXIV,11c-12c,,,"Add.14,508","Add.14,508",,,,,
"Add. 14,509 ",1,271,272,CCCXXV,11c,,,"Add.14,509","Add.14,509",,,,,
"Add. 14,510 ",1,378,379,CCCCLXXXVI,1056,,,"Add.14,510","Add.14,510",,,,,
"Add. 14,511 ",1,249,250,CCCXI,10c,,,"Add.14,511",,Here,,,,
"Add. 14,512 ",1,250,251,CCCXII,10c,,,"Add.14,512","Add.14,512",,,,,
"Add. 14,513 ",1,292,292,CCCXLVII,9c-10c,,,"Add.14,513","Add.14,513",,,,,
"Add. 14,514 ",1,341,343,CCCCXXV,9c,,,"Add.14,514","Add.14,514",,,,,
"Add. 14,515 ",1,240,243,CCCVI,893,,,"Add.14,515","Add.14,515",,,,,
"Add. 14,516 ",1,244,246,CCCVIII,9c,,,"Add.14,516","Add.14,516",,,,,
"Add. 14,517 ",1,385,388,DII,10c-11c,,,"Add.14,517","Add.14,517",,,,,
"Add. 14,518 ",1,218,218,CCLXXXV,9c-10c,,,"Add.14,518",,Here,,,,
"Add. 14,519 ",1,272,274,CCCXXVII,11c-12c,,,"Add.14,519",,Here,,,,
"Add. 14,520 ",1,363,365,CCCCLI,8c-9c,,,"Add.14,520","Add.14,520",,,,,
"Add. 14,521 ",1,384,384,CCCCXCIX,10c,,,"Add.14,521","Add.14,521",,,,,
"Add. 14,522, fol. 46",2,45,45,DLXX,9c-10c,,,"Add.14,522,fol.46","Add.14,522,fol.46",,,,,
"Add. 14,522, foll. 1-3",1,324,324,CCCCXIII,11c,,,"Add.14,522,foll.1-3",,Here,,,,
"Add. 14,522, foll. 27-36",1,233,233,CCXCIX,10c-11c,,,"Add.14,522,foll.27-36","Add.14,522,foll.27-36",,,,,
"Add. 14,522, foll. 37-45",2,831,831,DCCCXVI,10c,,,"Add.14,522,foll.37-45","Add.14,522,foll.37-45",,,,,
"Add. 14,522, foll. 4-26",1,246,247,CCCIX,9c,,,"Add.14,522,foll.4-26","Add.14,522,foll.4-26",,,,,
"Add. 14,523, fol. 38",1,294,294,CCCLI,10c,,,"Add.14,523,fol.38","Add.14,523,fol.38",,,,,
"Add. 14,523, fol. 8",1,204,204,CCLVII,8c-9c,,,"Add.14,523,fol.8",,Here,,,,
"Add. 14,523, fol. 9",1,204,204,CCLVIII,10c,,,"Add.14,523,fol.9","Add.14,523,fol.9",,,,,
"Add. 14,523, foll. 10-13",1,383,384,CCCCXCV,8c,,,"Add.14,523,foll.10-13","Add.14,523,foll.10-13",,,,,
"Add. 14,523, foll. 14-35",1,293,293,CCCXLIX,9c-10c,,,"Add.14,523,foll.14-35","Add.14,523,foll.14-35",,,,,
"Add. 14,523, foll. 1-7",1,204,204,CCLVI,8c-9c,,,"Add.14,523,foll.1-7","Add.14,523,foll.1-7",,,,,
"Add. 14,523, foll. 36,37",1,292,293,CCCXLVIII,9c-10c,,,"Add.14,523,foll.36,37","Add.14,523,foll.36and37",,,,,
"Add. 14,523, foll. 39-46",1,388,388,DIV,10c-11c,,,"Add.14,523,foll.39-46",,Here,,,,
"Add. 14,523, foll. 47,48",1,349,349,CCCCXXXIV,11c,,,"Add.14,523,foll.47,48","Add.14,523,foll.47,48",,,,,
"Add. 14,523, foll. 49-56",2,493,493,DCXXIV,10c,,,"Add.14,523,foll.49-56","Add.14,523,foll.49-56",,,,,
"Add. 14,524, fol. 1",1,204,204,CCLIX,10c,,,"Add.14,524,fol.1","Add.14,524,fol.1",,,,,
"Add. 14,524, fol. 2",1,204,204,CCLX,10c,,,"Add.14,524,fol.2","Add.14,524,fol.2",,,,,
"Add. 14,524, foll. 12-21",1,349,349,CCCCXXXII,11c,,,"Add.14,524,foll.12-21","Add.14,524,foll.12-21",,,,,
"Add. 14,524, foll. 22-29",1,349,349,CCCCXXXIII,11c,,,"Add.14,524,foll.22-29",,Here,,,,
"Add. 14,524, foll. 30-47",1,357,357,CCCCXLVI,13c,,,"Add.14,524,foll.30-47","Add.14,524,foll.30-47",,,,,
"Add. 14,524, foll. 3-6",1,72,72,CXVI,11c-12c,,,"Add.14,524,foll.3-6","Add.14,524,foll.3-6",,,,,
"Add. 14,524, foll. 48-67",1,35,35,CCCCXXXV,11c-12c,,,"Add.14,524,foll.48-67",,Here,,,,
"Add. 14,524, foll. 7-11",1,143,143,CCXI,13c,,,"Add.14,524,foll.7-11","Add.14,524,foll.7-11",,,,,
"Add. 14,525, foll. 1-10",1,393,394,DXIV,9c-10c,,,"Add.14,525,foll.1-10","Add.14,525,folL1-10",,,,,
"Add. 14,525, foll. 11-24",1,302,303,CCCLXIX,10c-11c,,,"Add.14,525,foll.11-24","Add.14,525,folL11-24",,,,,
"Add. 14,525, foll. 25-27",1,254,254,CCCXV,10c-11c,,,"Add.14,525,foll.25-27","Add.14,525,foll.25-27",,,,,
"Add. 14,525, foll. 28-45",1,254,254,CCCXVI,10c-11c,,,"Add.14,525,foll.28-45","Add.14,525,foll.28-45",,,,,
"Add. 14,525, foll. 46-55",1,254,254,CCCXVII,10c-11c,,,"Add.14,525,foll.46-55","Add.14,525,foll.46-55",,,,,
"Add. 14,525, foll. 56-75",1,225,225,CCLXXXVIII,10c,,,"Add.14,525,foll.56-75",,Here,,,,
"Add. 14,526, foll. 1-39",2,1033,1036,DCCCCVII,7c,,,"Add.14,526,foll.1-39","Add.14,526,foll.1-39",,,,,
"Add. 14,526, foll. 40-47",2,1036,1036,DCCCCVIII,8c,,,"Add.14,526,foll.40-47","Add.14,526,foll.40-47",,,,,
"Add. 14,527 ",2,1036,1037,DCCCCIX,11c,,,"Add.14,527","Add.14,527",,,,,
"Add. 14,528, foll. 1-151",2,1030,1033,DCCCCVI,6c(501?),,,"Add.14,528,foll.1-151","Add.14,528,foll.1-151",,,,,
"Add. 14,528, foll. 152-228",1,176,177,CCXXXIX,6c,,,"Add.14,528,foll.152-228","Add.14,528,foll.152-228",,,,,
"Add. 14,529 ",2,917,921,DCCCLVI,7c-8c,,,"Add.14,529","Add.14,529",,,,,
"Add. 14,530 ",2,1027,1030,DCCCCV,535,,,"Add.14,530",,Here,,,,
"Add. 14,531 ",2,738,740,DCCLXIX,7c-8c,,,"Add.14,531","Add.14,531",,,,,
"Add. 14,532 ",2,955,967,DCCCLVIII,8c,,,"Add.14,532","Add.14,532",,,,,
"Add. 14,533 ",2,967,976,DCCCLIX,8c-9c,,,"Add.14,533","Add.14,533",,,,,
"Add. 14,534 ",2,526,527,DCLXXV,6c,,,"Add.14,534","Add.14,534",,,,,
"Add. 14,535 ",2,796,799,DCCXCVIII,9c,,,"Add.14,535","Add.14,535",,,,,
"Add. 14,536 ",2,742,744,DCCLXXI,8c,,,"Add.14,536","Add.14,536",,,,,
"Add. 14,537 ",2,1017,1018,DCCCLXVIII,7c-8c,,,"Add.14,537","Add.14,537",,,,,
"Add. 14,538 ",2,1003,1008,DCCCLXIII,10c,,,"Add.14,538","Add.14,538",,,,,
"Add. 14,539 ",2,499,499,DCXXVII,9c,,,"Add.14,539","Add.14,539",,,,,
"Add. 14,540 ",2,499,500,DCXXVIII,9c,,,"Add.14,540","Add.14,540",,,,,
"Add. 14,541, fol. 52",3,104,104,DCCCCXII,9c,,,"Add.14,541,fol.52","Add.14,541,fol.62",Here,,,,
"Add. 14,541, foll. 1-38",2,501,502,DCXXX,9c,,,"Add.14,541,foll.1-38","Add.14,541,foll.1-38",,,,,
"Add. 14,541, foll. 39-49",2,585,586,DCXCIX,8c-9c,,,"Add.14,541,foll.39-49","Add.14,541,foll.39-49",,,,,
"Add. 14,541, foll. 50,51",2,45,45,DLXIX,6c-7c,,,"Add.14,541,foll.50,51","Add.14,541,foll.50,51",,,,,
"Add. 14,542 ",2,416,418,DXLVII,509,,,"Add.14,542","Add.14,542",,,,,
"Add. 14,543 ",2,419,420,DL,6c,,,"Add.14,543","Add.14,543",,,,,
"Add. 14,544 ",2,421,422,DLII,5c-6c,,,"Add.14,544","Add.14,544",,,,,
"Add. 14,545 ",2,422,422,DLIII,6c,,,"Add.14,545","Add.14,545",,,,,
"Add. 14,546 ",2,718,719,DCCLVII,7c,,,"Add.14,546","Add.14,546",,,,,
"Add. 14,547 ",2,431,434,DLVII,9c,,,"Add.14,547","Add.14,547",,,,,
"Add. 14,548 ",2,434,436,DLVIII,790,,,"Add.14,548","Add.14,548",,,,,
"Add. 14,549 ",2,428,431,DLVI,8c-9c,,,"Add.14,549","Add.14,549",,,,,
"Add. 14,550 ",2,443,444,DLXIV,6c,,,"Add.14,550","Add.14,550",,,,,
"Add. 14,551 ",2,485,485,DCXI,8c,,,"Add.14,551","Add.14,551",,,,,
"Add. 14,552 ",2,485,486,DCXII,7c-8c,,,"Add.14,552","Add.14,552",,,,,
"Add. 14,553 ",2,489,490,DCXVIII,6c-7c,,,"Add.14,553","Add.14,553",,,,,
"Add. 14,554 ",2,492,492,DCXXI,9c,,,"Add.14,554","Add.14,554",,,,,
"Add. 14,555 ",2,483,484,DCIX,6c-7c,,,"Add.14,555","Add.14,555",,,,,
"Add. 14,556 ",2,487,488,DCXIV,6c-7c,,,"Add.14,556","Add.14,556",,,,,
"Add. 14,557 ",2,719,721,DCCLVIII,7c,,,"Add.14,557","Add.14,557",,,,,
"Add. 14,558 ",2,466,467,DLXXXIII,557,,,"Add.14,558","Add.14,558",,,,,
"Add. 14,559 ",2,468,269,DLXXXV,6c,,,"Add.14,559","Add.14,559",,,,,
"Add. 14,560 ",2,467,467,DLXXXIV,6c,,,"Add.14,560","Add.14,560",,,,,
"Add. 14,561 ",2,469,469,DLXXXVI,6c-7c,,,"Add.14,561","Add.14,561",,,,,
"Add. 14,562 ",2,470,471,DLXXXVIII,7c-8c,,,"Add.14,562","Add.14,562",,,,,
"Add. 14,563 ",2,471,471,DLXXXIX,7c-8c,,,"Add.14,563","Add.14,563",,,,,
"Add. 14,564 ",2,473,474,DXCI,6c-7c,,,"Add.14,564","Add.14,564",,,,,
"Add. 14,565 ",2,475,476,DXCIII,6c-7c,,,"Add.14,565","Add.14,565",,,,,
"Add. 14,566, foll. 1-28",2,476,476,DXCIV,6c,,,"Add.14,566,foll.1-28","Add.14,566,foll.1-28",,,,,
"Add. 14,566, foll. 29-112",2,476,477,DXCV,6c-7c,,,"Add.14,566,foll.29-112","Add.14,566,foll.29-112",,,,,
"Add. 14,567 ",2,478,479,DXCVII,6c,,,"Add.14,567","Add.14,567",,,,,
"Add. 14,568 ",2,405,406,DXXXI,599,,,"Add.14,568","Add.14,568",,,,,
"Add. 14,569 ",2,406,406,DXXXII,8c,,,"Add.14,569","Add.14,569",,,,,
"Add. 14,570 ",2,406,407,DXXXIII,5c-6c,,,"Add.14,570","Add.14,570",,,,,
"Add. 14,571 ",2,410,413,DXXXIX,519,,,"Add.14,571","Add.14,571",,,,,
"Add. 14,572 ",2,41,41,DXXXVIII,6c,,,"Add.14,572","Add.14,572",,,,,
"Add. 14,573 ",2,413,414,DXL,6c,,,"Add.14,573","Add.14,573",,,,,
"Add. 14,574, foll. 1-19",2,407,408,DXXXV,6c,,,"Add.14,574,foll.1-19","Add.14,574,foll.1-19",,,,,
"Add. 14,574, foll. 20-33",2,408,409,DXXXVI,5c-6c,,,"Add.14,574,foll.20-33","Add.14,574,foll.20-33",,,,,
"Add. 14,574, foll. 34-40",2,508,509,DCXL,6c-7c,,,"Add.14,574,foll.34-40","Add.14,574,foll.34^40",Here,,,,
"Add. 14,575 ",2,461,462,DLXXVI,7c,,,"Add.14,575","Add.14,575",,,,,
"Add. 14,576 ",2,462,464,DLXXVII,8c,,,"Add.14,576","Add.14,576",,,,,
"Add. 14,577",2,784,788,DCCXCIII,9c,,,"Add.14,577","Add.14,577",,,,,
"Add. 14,578 ",2,445,449,DLXVII,6c-7c,,,"Add.14,578","Add.14,578",,,,,
"Add. 14,579 ",2,815,818,DCCCVIII,913,,,"Add.14,579","Add.14,579",,,,,
"Add. 14,580 ",2,767,769,DCCLXXXIII,866,,,"Add.14,580","Add.14,580",,,,,
"Add. 14,581 ",2,655,657,DCCXXXIV,6c,,,"Add.14,581","Add.14,581",,,,,
"Add. 14,582 ",2,692,696,DCCLII,816,,,"Add.14,582","Add.14,582",,,,,
"Add. 14,583 ",3,1076,1078,DCCCCXXIX,11c,,,"Add.14,583","Add.14,583",,,,,
"Add. 14,584 ",2,506,507,DCXXXVIII,6c-7c,,,"Add.14,584","Add.14,584",,,,,
"Add. 14,585 ",2,502,503,DCXXXI,7c,,,"Add.14,585","Add.14,585",,,,,
"Add. 14,586 ",2,503,503,DCXXXIII,7c-8c,,,"Add.14,586","Add.14,586",,,,,
"Add. 14,587 ",2,517,524,DCLXXII,603,,,"Add.14,587","Add.14,587",,,,,
"Add. 14,588 ",2,806,807,DCCCIII,9c-10c,,,"Add.14,588","Add.14,588",,,,,
"Add. 14,589 ",2,858,859,DCCCXXX,11c-12c,,,"Add.14,589","Add.14,589",,,,,
"Add. 14,590 ",2,752,754,DCCLXXVII,8c-9c,,,"Add.14,590","Add.14,590",,,,,
"Add. 14,591 ",2,669,673,DCCXL,6c,,,"Add.14,591","Add.14,591",,,,,
"Add. 14,592 ",2,684,690,DCCXLVIII,6c-7c,,,"Add.14,592","Add.14,592",,,,,
"Add. 14,593 ",2,590,591,DCCIV,817,,,"Add.14,593","Add.14,593",,,,,
"Add. 14,594 ",2,618,620,DCCXIX,9c-10c,,,"Add.14,594","Add.14,594",,,,,
"Add. 14,595 ",2,530,531,DCLXXVIII,6c-7c,,,"Add.14,595","Add.14,595",,,,,
"Add. 14,596 ",2,531,532,DCLXXX,6c-7c,,,"Add.14,596","Add.14,596",,,,,
"Add. 14,597 ",2,648,651,DCCXXX,569,,,"Add.14,597","Add.14,597",,,,,
"Add. 14,598 ",2,731,732,DCCLXIV,"7c,",9c,,"Add.14,598","Add.14,598",,,,,
"Add. 14,599 ",2,546,548,DCLXXXVI,569,,,"Add.14,599","Add.14,599",,,,,
"Add. 14,600 ",2,565,569,DCXCIII,8c,,,"Add.14,600","Add.14,600",,,,,
"Add. 14,601 ",2,789,793,DCCXCV,9c,,,"Add.14,601","Add.14,601",,,,,
"Add. 14,602 ",2,701,715,DCCLIV,6c-7c,,,"Add.14,602","Add.14,602",,,,,
"Add. 14,603 ",2,586,587,DCC,7c,,,"Add.14,603","Add.14,603",,"Add.14,602",,,
"Add. 14,604 ",2,724,726,DCCLXI,7c,,,"Add.14,604","Add.14,604",,,,,
"Add. 14,605 ",2,715,717,DCCLV,653,,,"Add.14,605","Add.14,605",,,,,
"Add. 14,606 ",2,744,745,DCCLXXII,8c,,,"Add.14,606","Add.14,606",,,,,
"Add. 14,607 ",2,683,684,DCCXLVII,6c-7c,,,"Add.14,607","Add.14,607",,,,,
"Add. 14,608, foll. 1-97",2,733,734,DCCLXVI,7c-8c,,,"Add.14,608,foll.1-97","Add.14,608,foll.1-97",,,,,
"Add. 14,608, foll. 98-124",2,723,724,DCCLX,7c,,,"Add.14,608,foll.98-124","Add.14,608,foll.98-124",,,,,
"Add. 14,609 ",3,1088,1090,DCCCCXLI,6c,-587,,"Add.14,609","Add.14,609",,,,,
"Add. 14,610 ",2,638,639,DCCXXVIII,6c,-551,,"Add.14,610","Add.14,610",,,,,
"Add. 14,611 ",2,824,827,DCCCXIII,10c,,,"Add.14,611","Add.14,611",,"Add.14,611",,,
"Add. 14,612 ",2,696,701,DCCLIII,6c-7c,,,"Add.14,612","Add.14,612",,,,,
"Add. 14,613 ",2,810,815,DCCCVI,9c-10c,,,"Add.14,613","Add.14,613",,,,,
"Add. 14,614, foll. 1-79",2,832,833,DCCCXVII,10c,,,"Add.14,614,foll.1-79","Add.14,614,foll.1-79",,,,,
"Add. 14,614, foll. 80-127",2,745,746,DCCLXXIII,8c,,,"Add.14,614,foll.80-127","Add.14,614,foll.80-127",,,,,
"Add. 14,615 ",2,840,842,DCCCXXIV,10c-11c,,,"Add.14,615","Add.14,615",,,,,
"Add. 14,616 ",2,678,680,DCCXLIV,6c-7c,,,"Add.14,616","Add.14,616",,,,,
"Add. 14,617 ",2,740,742,DCCLXX,7c-8c,,,"Add.14,617","Add.14,617",,,,,
"Add. 14,618 ",2,736,738,DCCLXVIII,7c-8c,,,"Add.14,618","Add.14,618",,"Add.14,618",,,
"Add. 14,619 ",2,401,403,DXXVIII,6c,,,"Add.14,619","Add.14,619",,,,,
"Add. 14,620 ",2,800,803,DCCC,9c,,,"Add.14,620","Add.14,620",,,,,
"Add. 14,621 ",2,756,759,DCCLXXIX,802,,,"Add.14,621","Add.14,621",,,,,
"Add. 14,622 ",3,1150,1151,DCCCCLXXVIII,9c,,,"Add.14,622","Add.14,622",,,,,
"Add. 14,623 ",2,762,766,DCCLXXXI,823,,,"Add.14,623","Add.14,623",,"Add.14,622,foll.1-3",,,
"Add. 14,624 ",2,781,782,DCCXCI,9c,,,"Add.14,624","Add.14,624",,"Add.14,623,foll.39-46",,,
"Add. 14,625 ",2,532,532,DCLXXXI,10c,,,"Add.14,625","Add.14,625",,"Add.14,624,foll.22-29",,,
"Add. 14,626 ",3,1087,1088,DCCCCXL,6c,,,"Add.14,626","Add.14,626",,"Add.14,624,foll.48-67",,,
"Add. 14,627 ",2,415,415,DXLII,6c-7c,,,"Add.14,627","Add.14,627",,"Add.14,625,foll.66-76",,,
"Add. 14,628, foll. 1-8",2,1021,1022,DCCCLXXVI,11c,,,"Add.14,628,foll.1-8",,Here,,,,
"Add. 14,628, foll. 9-20",2,532,533,DCLXXXII,6c-7c,,,"Add.14,628,foll.9-20","Add.14,628,foll.9-20",,,,,
"Add. 14,629, foll. 1-24",2,754,756,DCCLXXVIII,8c-9c,,,"Add.14,629,foll.1-24","Add.14,629,foll.1-24",,,,,
"Add. 14,629, foll. 25-31",3,1111,1111,DCCCCLI,9c,,,"Add.14,629,foll.25-31","Add.14,629,foll.25-31",,"Add.14,630",,,
"Add. 14,630, fol. 28",2,512,512,DCXLVIII,7c,,,"Add.14,630,fol.28","Add.14,630,fol.28",,,,,
"Add. 14,630, foll. 1-27",2,818,819,DCCCX,10c,,,"Add.14,630,foll.1-27","Add.14,630,foll.1-27",,,,,
"Add. 14,630, foll. 29-41",2,481,481,DCIII,9c,,,"Add.14,630,foll.29-41","Add.14,630,foll.29-41",,,,,
"Add. 14,631, foll. 1-16",3,1149,1149,DCCCCLXXII,10c,,,"Add.14,631,foll.1-16","Add.14,631,foll.1-16",,,,,
"Add. 14,631, foll. 17-44",3,108,108,DCCCCXXXIII,9c-10c,,,"Add.14,631,foll.17-44","Add.14,631,foll.17-44",,,,,
"Add. 14,631, foll. 45-53",2,815,815,DCCCVII,9c-10c,,,"Add.14,631,foll.45-53","Add.14,631,foll.45-53",,,,,
"Add. 14,632 ",2,576,581,DCXCV,10c,,,"Add.14,632","Add.14,632",,,,,
"Add. 14,633 ",2,569,576,DCXCIV,10c,,,"Add.14,633","Add.14,633",,,,,
"Add. 14,634, foll. 1,2",2,515,515,DCLVIII,9c-10c,,,"Add.14,634,foll.1,2","Add.14,634,foll.1,2",,,,,
"Add. 14,634, foll. 3-49",2,514,515,DCLVI,9c,,,"Add.14,634,foll.3-49",,Here,,,,
"Add. 14,634, foll. 50,51",2,513,513,DCLIII,8c-9c,,,"Add.14,634,foll.50,51","Add.14,634,foll.50,51",,,,,
"Add. 14,634, foll. 52-57",2,422,423,DLIV,9c,,,"Add.14,634,foll.52-57",,Here,,,,
"Add. 14,635, foll. 1-4",2,445,445,DLXV,6c,,,"Add.14,635,foll.1-4","Add.14,635,foll.1-4",,,,,
"Add. 14,635, foll. 16-18",2,414,414,DXLI,6c,-555,,"Add.14,635,foll.16-18","Add.14,635,foll.16-18",,,,,
"Add. 14,635, foll. 19,20",2,419,419,DXLIX,8c-9c,,,"Add.14,635,foll.19,20","Add.14,635,foll.19,20",,,,,
"Add. 14,635, foll. 21-24",1,176,176,CCXXXVII,11c,,,"Add.14,635,foll.21-24","Add.14,635,foll.21-24",,,,,
"Add. 14,635, foll. 5-15",2,449,450,DLXVIII,6c,,,"Add.14,635,foll.5-15","Add.14,635,foll.5-15",,,,,
"Add. 14,636, foll. 1-56",1,398,398,DXXII,9c-10c,,,"Add.14,636,foll.1-56","Add.14,636,fblL1-56",,,,,
"Add. 14,636, foll. 57-76",2,1019,1019,DCCCLXXIII,10c,,,"Add.14,636,foll.57-76","Add.14,636,foll.57-76",,,,,
"Add. 14,636, foll. 77-82",2,102,102,DCCCLXXIV,10c,,,"Add.14,636,foll.77-82","Add.14,636,foll.77-82",,,,,
"Add. 14,637 ",2,833,834,DCCCXVIII,7c-8c,,,"Add.14,637","Add.14,637",,,,,
"Add. 14,638, foll. 1-18",1,398,399,DXXIII,9c-10c,,,"Add.14,638,foll.1-18","Add.14,638,foll.19-26",,,,,
"Add. 14,638, foll. 19-26",1,399,399,DXXIV,10c,,,"Add.14,638,foll.19-26","Add.14,638,folL1-18",,,,,
"Add. 14,639 ",3,1039,1040,DCCCCXI,6c,,,"Add.14,639","Add.14,639",,,,,
"Add. 14,640 ",3,1061,1062,DCCCCXX,7c,,,"Add.14,640","Add.14,640",,,,,
"Add. 14,641 ",3,1042,1046,DCCCCXVIII,6c,,,"Add.14,641","Add.14,641",,,,,
"Add. 14,642 ",3,1041,1042,DCCCCXVI,10c,,,"Add.14,642","Add.14,642",,,,,
"Add. 14,643 ",3,1040,1041,DCCCCXIII,8c,(mid),,"Add.14,643","Add.14,643",,,,,
"Add. 14,644 ",3,1083,1086,DCCCCXXXVI,5c-6c,,,"Add.14,644","Add.14,644",,,,,
"Add. 14,645 ",3,1111,1116,DCCCCLII,936,,,"Add.14,645","Add.14,645",,,,,
"Add. 14,646, foll. 1-133",3,1086,1087,DCCCCXXXVII,6c,,,"Add.14,646,foll.1-133",,Here,,,,
"Add. 14,646, foll. 134-194",3,1087,1087,DCCCCXXXIX,6c,,,"Add.14,646,foll.134-194","Add.14,646,foll.134-194",,,,,
"Add. 14,647 ",3,1094,1100,DCCCCXLV,688,,,"Add.14,647","Add.14,647",,,,,
"Add. 14,648 ",3,1091,1092,DCCCCXLIII,6c,,,"Add.14,648",,Here,,,,
"Add. 14,649, foll. 1-179",3,1108,1111,DCCCCL,9c,,,"Add.14,649,foll.1-179","Add.14,649,foll.1-179",,,,,
"Add. 14,649, foll. 180-205",2,533,533,DCLXXXIII,9c,,,"Add.14,649,foll.180-205","Add.14,649,foll.180-205",,,,,
"Add. 14,650 ",3,1103,1107,DCCCCXLIX,6c-7c,,,"Add.14,650","Add.14,650",,,,,
"Add. 14,651 ",3,1101,1103,DCCCCXLVIII,850,,,"Add.14,651","Add.14,651",,,,,
"Add. 14,652 ",2,651,652,DCCXXXI,6c,,,"Add.14,652","Add.14,652",,,,,
"Add. 14,653 ",2,807,809,DCCCIV,9c-10c,,,"Add.14,653","Add.14,653",,,,,
"Add. 14,654 ",3,1081,1083,DCCCCXXXV,5c-6c,,,"Add.14,654","Add.14,654",,,,,
"Add. 14,655 ",3,1119,1120,DCCCCLVII,11c,,,"Add.14,655","Add.14,655",,,,,
"Add. 14,656 ",2,819,819,DCCCXI,10c,,,"Add.14,656","Add.14,656",,,,,
"Add. 14,657 ",3,115,115,DCCCCLXXIV,9c,,,"Add.14,657","Add.14,657",,,,,
"Add. 14,658 ",3,1154,1160,DCCCCLXXXVII,7c,,,"Add.14,658","Add.14,658",,,,,
"Add. 14,660 ",3,1160,1162,DCCCCLXXXVIII,9c-10c,,,"Add.14,660","Add.14,660",Here,"Add.14,659",,,
"Add. 14,661 ",3,1187,1187,MIV,6c-7c,,,"Add.14,661","Add.14,661",,,,,
"Add. 14,662 ",3,1189,1189,MVI,9c,,,"Add.14,662","Add.14,662",,,,,
"Add. 14,663 ",2,691,692,DCCLI,6c-7c,,,"Add.14,663","Add.14,663",,,,,
"Add. 14,664, fol. 34",1,378,378,CCCCLXXXV,12c-13c,,,"Add.14,664,fol.34","Add.14,664,foD.22-29",,,,,
"Add. 14,664, foll. 1-17,20,21",1,203,203,CCLIV,10c-11c,,,"Add.14,664,foll.1-17,20,21","Add.14,664,fol.34",,,,,
"Add. 14,664, foll. 18,19,30-33",1,389,389,DVI,12c-13c,,,"Add.14,664,foll.18,19,30-33","Add.14,664,foll.1-17,20,21",,,,,
"Add. 14,664, foll. 22-29",1,39,39,LXII,10c-11c,,,"Add.14,664,foll.22-29","Add.14,664,folL18,19,30-33",,,,,
"Add. 14,665, fol. 25",1,389,389,DVIII,10c,,,"Add.14,665,fol.25","Add.14,665,fol.25",,,,,
"Add. 14,665, fol. 28",3,1172,1173,DCCCCXCVII,(9c-10c),,,"Add.14,665,fol.28","Add.14,665,fol.28",,,,,
"Add. 14,665, foll. 10-20",2,837,837,DCCCXXI,6c-7c,,,"Add.14,665,foll.10-20","Add.14,665,foll.10-20",,,,,
"Add. 14,665, foll. 1-7",3,1118,1119,DCCCCLV,10c-11c,,,"Add.14,665,foll.1-7","Add.14,665,foll.1-7",,,,,
"Add. 14,665, foll. 21-24",1,389,389,DVII,12c-13c,,,"Add.14,665,foll.21-24","Add.14,665,foll.21-24",,,,,
"Add. 14,665, foll. 26,27",2,1022,1022,DCCCLXXVII,"8c,12c-13c",,,"Add.14,665,foll.26,27","Add.14,665,foll.26,27",,,,,
"Add. 14,665, foll. 8,9",3,1151,1151,DCCCCLXXXI,8c,,,"Add.14,665,foll.8,9","Add.14,665,foll.8,9",,,,,
"Add. 14,666, fol. 1",1,17,17,XXVIII,10c-11c,,,"Add.14,666,fol.1","Add.14,666,fol.1",,,,,
"Add. 14,666, fol. 2",1,17,17,XXVII,8c,,,"Add.14,666,fol.2","Add.14,666,fol.2",,,,,
"Add. 14,666, fol. 3",1,13,13,XX,6c-7c,,,"Add.14,666,fol.3","Add.14,666,fol.3",,,,,
"Add. 14,666, fol. 47",1,69,69,CVII,12c,,,"Add.14,666,fol.47","Add.14,666,fol.37",,,,,
"Add. 14,666, fol. 48",1,69,69,CV,10c,,,"Add.14,666,fol.48","Add.14,666,fol.47",,,,,
"Add. 14,666, fol. 56",1,92,92,CXLII,682,,,"Add.14,666,fol.56","Add.14,666,fol.48",,,,,
"Add. 14,666, foll. 10-12",1,123,123,CLXXIV,9c-10c,,,"Add.14,666,foll.10-12","Add.14,666,fol.56",,,,,
"Add. 14,666, foll. 13-32",1,141,141,CCIV,12c,,,"Add.14,666,foll.13-32","Add.14,666,foll.10-12",,,,,
"Add. 14,666, foll. 33-36",1,141,141,CCV,12c-13c,,,"Add.14,666,foll.33-36","Add.14,666,foll.13-32",,,,,
"Add. 14,666, foll. 37",1,27,27,XLV,6c-7c,,,"Add.14,666,foll.37","Add.14,666,foll.33-36",,,,,
"Add. 14,666, foll. 38-46",1,27,27,XLIII,6c-7c,,,"Add.14,666,foll.38-46","Add.14,666,foll.38-46",,,,,
"Add. 14,666, foll. 4,5",1,123,123,CLXXII,9c,,,"Add.14,666,foll.4,5","Add.14,666,foll.4,5",,,,,
"Add. 14,666, foll. 49,50",1,72,72,CXV,10c-11c,,,"Add.14,666,foll.49,50","Add.14,666,foll.49and60",,,,,
"Add. 14,666, foll. 51-55",1,93,93,CXLIV,7c-8c,,,"Add.14,666,foll.51-55","Add.14,666,foll.51-55",,,,,
"Add. 14,666, foll. 57-64",2,732,733,DCCLXV,7c-8c,,,"Add.14,666,foll.57-64","Add.14,666,foll.57-64",,,,,
"Add. 14,666, foll. 6-9",1,123,123,CLXXIII,9c,,,"Add.14,666,foll.6-9","Add.14,666,foll.6-9",,,,,
"Add. 14,667, fol. 43",1,312,312,CCCXCI,12c,,,"Add.14,667,fol.43","Add.14,667,fol.43",,,,,
"Add. 14,667, fol. 54",1,366,366,CCCCLIV,9c,,,"Add.14,667,fol.54","Add.14,667,fol.54",,,,,
"Add. 14,667, fol. 64",3,1197,1197,MXIX,932,,,"Add.14,667,fol.64","Add.14,667,fol.64",,,,,
"Add. 14,667, foll,13-16",1,233,233,CCXCVIII,9c-10c,,,"Add.14,667,foll,13-16","Add.14,667,foll.1-12",,,,,
"Add. 14,667, foll,17-28",1,225,225,CCLXXXIX,10c-11c,,,"Add.14,667,foll,17-28","Add.14,667,foll.13-16",,,,,
"Add. 14,667, foll. 1-12",1,111,111,CLXIII,10c,,,"Add.14,667,foll.1-12","Add.14,667,foll.17-28",,,,,
"Add. 14,667, foll. 29-38",1,228,229,CCXCII,10c-11c,,,"Add.14,667,foll.29-38","Add.14,667,foll.29-38",,,,,
"Add. 14,667, foll. 39,40",1,388,389,DV,10c-11c,,,"Add.14,667,foll.39,40","Add.14,667,foll.39,40",,,,,
"Add. 14,667, foll. 41,42",1,367,367,CCCCLXII,11c,,,"Add.14,667,foll.41,42","Add.14,667,foll.41,42",,,,,
"Add. 14,667, foll. 44,45",1,384,384,CCCCXCVI,8c,,,"Add.14,667,foll.44,45","Add.14,667,foll.44,46",Here,,,,
"Add. 14,667, foll. 46-49",1,384,385,DI,10c,,,"Add.14,667,foll.46-49","Add.14,667,foll.50,51",,,,,
"Add. 14,667, foll. 50,51",3,1197,1198,MXXIV,1057,,,"Add.14,667,foll.50,51","Add.14,667,foll.52,63",Here,,,,
"Add. 14,667, foll. 52,53",1,384,384,D,10c,,,"Add.14,667,foll.52,53","Add.14,667,foll.56-59",Here,,,,
"Add. 14,667, foll. 55-59",1,316,316,CCCCIII,11c,,,"Add.14,667,foll.55-59","Add.14,667,foll.60-63",,,,,
"Add. 14,667, foll. 60-63",1,295,295,CCCLII,10c,,,"Add.14,667,foll.60-63","Add.14,667,foll.65-69",,,,,
"Add. 14,667, foll. 65-69",1,295,295,CCCLIII,10c,,,"Add.14,667,foll.65-69","Add.14,667,foll.70,71",,,,,
"Add. 14,667, foll. 70,71",1,254,254,CCCXIV,10c,,,"Add.14,667,foll.70,71","Add.14,667,foll.72,73",,,,,
"Add. 14,667, foll. 72,73",1,202,203,CCLIII,11c,,,"Add.14,667,foll.72,73","Add.14,667,foll.74and75",,,,,
"Add. 14,667, foll. 74,75",1,312,312,CCCXC,11c,,,"Add.14,667,foll.74,75","Add.14,667,foll.76-78",,,,,
"Add. 14,667, foll. 76-78",1,316,316,CCCCI,10c-11c,,,"Add.14,667,foll.76-78","Add.14,667,folL46-49",,,,,
"Add. 14,668, fol. 44",2,788,788,DCCXCIV,9c,,,"Add.14,668,fol.44","Add.14,668,fol.44",,,,,
"Add. 14,668, fol. 45",2,480,481,DC,8c-9c,,,"Add.14,668,fol.45","Add.14,668,fol.45",,,,,
"Add. 14,668, fol. 46",3,1196,1196,MXVI,888,,,"Add.14,668,fol.46","Add.14,668,fol.46",,,,,
"Add. 14,668, foll. 12-19",1,27,27,XLIV,7c,,,"Add.14,668,foll.12-19","Add.14,668,foll.12-19",,,,,
"Add. 14,668, foll. 1-3",1,1,1,XIV,9c,,,"Add.14,668,foll.1-3","Add.14,668,foll.1-3",,,,,
"Add. 14,668, foll. 20-25",1,20,21,XXXIII,8c,,,"Add.14,668,foll.20-25","Add.14,668,foll.20-25",,,,,
"Add. 14,668, foll. 26-29",1,37,37,LVIII,8c,,,"Add.14,668,foll.26-29","Add.14,668,foll.26-29",,,,,
"Add. 14,668, foll. 30,31",1,72,72,CXIV,9c,,,"Add.14,668,foll.30,31","Add.14,668,foll.30and31",,,,,
"Add. 14,668, foll. 32-36",2,482,482,DCVII,6c,,,"Add.14,668,foll.32-36","Add.14,668,foll.32-36",,,,,
"Add. 14,668, foll. 37-39",2,605,606,DCCIX,9c-10c,,,"Add.14,668,foll.37-39","Add.14,668,foll.37-39",,,,,
"Add. 14,668, foll. 40-43",2,769,769,DCCLXXXIV,866,,,"Add.14,668,foll.40-43","Add.14,668,foll.40-43",,,,,
"Add. 14,668, foll. 4-11",1,37,37,LIX,8c,,,"Add.14,668,foll.4-11","Add.14,668,foll.4-11",,,,,
"Add. 14,669, fol. 19",2,481,481,DCI,10c,,,"Add.14,669,fol.19","Add.14,669,fol.19",,,,,
"Add. 14,669, fol. 25",1,22,22,XXXV,7c,,,"Add.14,669,fol.25","Add.14,669,fol.22",,,,,
"Add. 14,669, fol. 26",1,69,69,CVIII,12c,,,"Add.14,669,fol.26","Add.14,669,fol.25",,,,,
"Add. 14,669, fol. 37",1,72,72,CXIII,6c,,,"Add.14,669,fol.37","Add.14,669,fol.26",,,,,
"Add. 14,669, foll. 1-18",2,483,483,DCVIII,5c-6c,,,"Add.14,669,foll.1-18","Add.14,669,fol.37",,,,,
"Add. 14,669, foll. 20,21",1,204,204,CCLV,6c,,,"Add.14,669,foll.20,21","Add.14,669,foll.1-18",,,,,
"Add. 14,669, foll. 22",1,1,1,XV,10c,,,"Add.14,669,foll.22","Add.14,669,foll.20and21",,,,,
"Add. 14,669, foll. 23,24",1,1,1,XIII,6c,,,"Add.14,669,foll.23,24","Add.14,669,foll.23,24",,,,,
"Add. 14,669, foll. 27,28",1,69,69,CIV,7c,,,"Add.14,669,foll.27,28","Add.14,669,foll.27and28",,,,,
"Add. 14,669, foll. 29-33",1,68,69,CIII,6c-7c,,,"Add.14,669,foll.29-33","Add.14,669,foll.29-33",,,,,
"Add. 14,669, foll. 34-36",1,67,67,XCIX,6c,,,"Add.14,669,foll.34-36","Add.14,669,foll.34-36",,,,,
"Add. 14,669, foll. 38-56",1,58,58,LXXXII,9c,,,"Add.14,669,foll.38-56","Add.14,669,foll.38-66",Here,,,,
"Add. 14,669, foll. 57-59",1,9,9,CXL,6c-7c,,,"Add.14,669,foll.57-59","Add.14,669,foll.67-59",Here,,,,
"Add. 14,670, fol. 1",2,48,48,DXCIX,6c-7c,,,"Add.14,670,fol.1","Add.14,670,fol.1",,,,,
"Add. 14,670, fol. 14",2,464,464,DLXXVIII,6c,,,"Add.14,670,fol.14","Add.14,670,fol.14",,,,,
"Add. 14,670, fol. 38",2,512,512,DCXLIX,7c,,,"Add.14,670,fol.38","Add.14,670,fol.38",,,,,
"Add. 14,670, fol. 39",2,512,512,DCXLVII,7c,,,"Add.14,670,fol.39","Add.14,670,fol.39",,,,,
"Add. 14,670, foll. 15-18",3,1164,1164,DCCCCXCII,7c,,,"Add.14,670,foll.15-18","Add.14,670,foll.15-18",,,,,
"Add. 14,670, foll. 19-22",2,690,691,DCCL,6c-7c,,,"Add.14,670,foll.19-22","Add.14,670,foll.19-22",,,,,
"Add. 14,670, foll. 23-25",3,1153,1153,DCCCCLXXXIV,6c-7c,,,"Add.14,670,foll.23-25","Add.14,670,foll.23-25",,,,,
"Add. 14,670, foll. 26-29",2,51,51,DCXLIII,6c-7c,,,"Add.14,670,foll.26-29","Add.14,670,foll.26-29",,,,,
"Add. 14,670, foll. 2-7",2,588,589,DCCII,9c,,,"Add.14,670,foll.2-7","Add.14,670,foll.2-7",,,,,
"Add. 14,670, foll. 30-35",2,51,51,DCXLII,6c-7c,,,"Add.14,670,foll.30-35","Add.14,670,foll.30-35",,,,,
"Add. 14,670, foll. 36,37",2,511,511,DCXLIV,6c-7c,,,"Add.14,670,foll.36,37","Add.14,670,foll.36,37",,,,,
"Add. 14,670, foll. 8-13",2,464,464,DLXXIX,9c,,,"Add.14,670,foll.8-13","Add.14,670,foll.8-13",,,,,
"Add. 14,671 ",1,3,3,II,13c,,,"Add.14,671","Add.14,671",,,,,
"Add. 14,672 ",1,136,136,CXCIII,13c-14c,,,"Add.14,672","Add.14,672",,,,,
"Add. 14,673 ",1,132,132,CLXXXVIII,13c,,,"Add.14,673","Add.14,673",,,,,
"Add. 14,674, foll. 1-78",1,127,128,CLXXX,12c,,,"Add.14,674,foll.1-78","Add.14,674,foll.1-78",,,,,
"Add. 14,674, foll. 79-126",1,128,128,CLXXXI,12c,,,"Add.14,674,foll.79-126","Add.14,674,foll.79-126",,,,,
"Add. 14,675 ",1,129,131,CLXXXVI,13c,,,"Add.14,675","Add.14,676",,,,,
"Add. 14,676, foll. 1-42",1,128,128,CLXXXII,12c,,,"Add.14,676,foll.1-42","Add.14,676,foll.1-42",,,,,
"Add. 14,676, foll. 43-86",3,1074,1074,DCCCCXXVI,13c,,,"Add.14,676,foll.43-86","Add.14,676,foll.43-86",,,,,
"Add. 14,677 ",1,131,132,CLXXXVII,13c,,,"Add.14,677","Add.14,677",,,,,
"Add. 14,678 ",1,132,133,CLXXXIX,1237,,,"Add.14,678","Add.14,678",,,,,
"Add. 14,679 ",2,606,606,DCCX,1102,,,"Add.14,679","Add.14,679",,,,,
"Add. 14,680 ",1,77,78,CXXII,12c-13c,,,"Add.14,680","Add.14,680",,,,,
"Add. 14,681 ",1,78,79,CXXIII,12c-13c,,,"Add.14,681","Add.14,681",,,,,
"Add. 14,682 ",2,608,610,DCCXIII,10c,,,"Add.14,682","Add.14,682",,,,,
"Add. 14,683 ",2,610,612,DCCXIV,10c,,,"Add.14,683","Add.14,683",,"Add.14,683",,,
"Add. 14,684, foll. 1-36",1,113,113,CLXVI,12c,,,"Add.14,684,foll.1-36","Add.14,684,foll.1-36",,,,,
"Add. 14,684, foll. 37-117",1,113,115,CLXVII,12c-13c,,,"Add.14,684,foll.37-117","Add.14,684,foll.37-117",,,,,
"Add. 14,685 ",3,1062,1064,DCCCCXXI,10c-11c,,,"Add.14,685","Add.14,685",,,,,
"Add. 14,686 ",1,169,172,CCXXVIII,1255,,,"Add.14,686","Add.14,686",,,,,
"Add. 14,687 ",1,172,173,CCXXIX,1256,,,"Add.14,687","Add.14,687",,,,,
"Add. 14,688 ",1,188,190,CCXLVII,12c-13c,,,"Add.14,688","Add.14,688",,,,,
"Add. 14,689 ",1,167,169,CCXXVII,1221,,,"Add.14,689","Add.14,689",,,,,
"Add. 14,690 ",1,205,207,CCLXI,1182,,,"Add.14,690","Add.14,690",,,,,
"Add. 14,691, foll. 110-114",1,95,95,CL,13c,,,"Add.14,691,foll.110-114","Add.14,691,foll.110-114",,,,,
"Add. 14,691, foll. 1-109",1,208,209,CCLXIV,1230,,,"Add.14,691,foll.1-109","Add.14,691,foll.1-109",,,,,
"Add. 14,692, foll. 1-24",1,390,391,DXI,15c,,,"Add.14,692,foll.1-24","Add.14,692,foll.1-24",,,,,
"Add. 14,692, foll. 25-99",1,211,212,CCLXXIII,1347,,,"Add.14,692,foll.25-99",,Here,,,,
"Add. 14,693, foll. 1-141",1,210,211,CCLXXII,13c-14c,,,"Add.14,693,foll.1-141","Add.14,693,foll.1-141",,,,,
"Add. 14,693, foll. 142-184",1,212,212,CCLXXIV,14c,,,"Add.14,693,foll.142-184",,Here,,,,
"Add. 14,694, foll. 1-43",1,209,209,CCLXVI,13c,,,"Add.14,694,foll.1-43","Add.14,694,folL1-43",,,,,
"Add. 14,694, foll. 44-106",1,209,210,CCLXVII,13c,,,"Add.14,694,foll.44-106",,Here,,,,
"Add. 14,695 ",1,285,286,CCCXLI,11c-12c,,,"Add.14,695","Add.14,695",,,,,
"Add. 14,696 ",1,289,290,CCCXLIV,13c,,,"Add.14,696","Add.14,696",,,,,
"Add. 14,697 ",1,286,288,CCCXLII,12c,(late),,"Add.14,697","Add.14,697",,,,,
"Add. 14,698 ",1,288,289,CCCXLIII,12c-13c,,,"Add.14,698","Add.14,698",,,,,
"Add. 14,699 ",1,304,306,CCCLXXIV,1292,,,"Add.14,699","Add.14,699",,,,,
"Add. 14,700 ",1,306,306,CCCLXXV,1292,,,"Add.14,700","Add.14,700",,,,,
"Add. 14,701 ",1,278,279,CCCXXXV,1263,,,"Add.14,701","Add.14,701",,,,,
"Add. 14,702 ",1,309,310,CCCLXXXV,15c/1489,,,"Add.14,702","Add.14,702",,,,,
"Add. 14,703 ",1,370,371,CCCCLXVII,12c-13c,,,"Add.14,703","Add.14,703",,,,,
"Add. 14,704 ",1,312,313,CCCXCIII,13c,,,"Add.14,704","Add.14,704",,,,,
"Add. 14,705 ",1,181,182,CCXLV,11c,,,"Add.14,705","Add.14,706",Here,,,,
"Add. 14,706 ",1,396,397,DXX,13c,,,"Add.14,706","Add.14,706",,,,,
"Add. 14,707 ",1,277,278,CCCXXXIV,13c,(early),,"Add.14,707","Add.14,707",,,,,
"Add. 14,708, foll. 122-161",1,309,309,CCCLXXXIV,14c,,,"Add.14,708,foll.122-161","Add.14,708,foll.122-161",,,,,
"Add. 14,708, foll. 1-51",1,310,311,CCCLXXXVI,15c,(late),,"Add.14,708,foll.1-51",,Here,,,,
"Add. 14,708, foll. 52-121",1,308,309,CCCLXXXIII,14c,,,"Add.14,708,foll.52-121","Add.14,708,foll.52-121",,,,,
"Add. 14,709, foll. 1-71",1,303,303,CCCLXXI,1336,,,"Add.14,709,foll.1-71","Add.14,709,foD.72-74",,,,,
"Add. 14,709, foll. 72-74",1,306,306,CCCLXXVII,1336,,,"Add.14,709,foll.72-74","Add.14,709,foll.1-71",,,,,
"Add. 14,709, foll. 75-94",1,175,176,CCXXXVI,1484,,,"Add.14,709,foll.75-94","Add.14,709,foll.75-94",,,,,
"Add. 14,710 ",1,325,325,CCCCXV,1259,,,"Add.14,710","Add.14,710",,,,,
"Add. 14,711 ",1,320,321,CCCCIX,1222,,,"Add.14,711","Add.14,711",,,,,
"Add. 14,712 ",1,291,292,CCCXLVI,13c,,,"Add.14,712","Add.14,712",#REF!,,,,
"Add. 14,713 ",1,351,352,CCCCXXXVII,12c-13c,,,"Add.14,713","Add.14,713",,,,,
"Add. 14,714 ",1,346,347,CCCCXXX,1075,,,"Add.14,714","Add.14,714",,,,,
"Add. 14,715, foll. 1-152",1,379,380,CCCCLXXXVII,1257,,,"Add.14,715,foll.1-152","Add.14,715,foll.1-162",Here,,,,
"Add. 14,715, foll. 153-216",1,233,234,CCC,13c,,,"Add.14,715,foll.153-216","Add.14,715,foll.153-216",,,,,
"Add. 14,715, foll. 217-241",1,311,312,CCCLXXXIX,13c,,,"Add.14,715,foll.217-241","Add.14,715,foll.217-241",,,,,
"Add. 14,716, foll. 1-78",1,328,329,CCCCXX,13c,,,"Add.14,716,foll.1-78","Add.14,716,foll.1-78",,,,,
"Add. 14,716, foll. 79-166",1,374,375,CCCCLXX,13c,,,"Add.14,716,foll.79-166","Add.14,716,foll.79-166",,,,,
"Add. 14,717, foll. 103-130",1,307,307,CCCLXXIX,13c-14c,,,"Add.14,717,foll.103-130","Add.14,717,foll.103-180",Here,,,,
"Add. 14,717, foll. 1-58",1,395,396,DXVIII,13c,,,"Add.14,717,foll.1-58","Add.14,717,foll.1-58",,,,,
"Add. 14,717, foll. 59-102",1,311,311,CCCLXXXVII,13c,,,"Add.14,717,foll.59-102","Add.14,717,foll.59-102",,,,,
"Add. 14,718 ",1,298,299,CCCLXIII,13c,,,"Add.14,718","Add.14,718",,,,,
"Add. 14,719 ",1,275,276,CCCXXX,1184,,,"Add.14,719","Add.14,719",,,,,
"Add. 14,720, foll. 1-111",1,313,313,CCCXCIV,13c,,,"Add.14,720,foll.1-111","Add.14,720,foll.1-111",,,,,
"Add. 14,720, foll. 112-135",1,381,382,CCCCXCII,14c,,,"Add.14,720,foll.112-135","Add.14,720,foll.112-136",Here,,,,
"Add. 14,721 ",1,376,377,CCCCLXXII,13c,,,"Add.14,721","Add.14,721",,,,,
"Add. 14,722, foll. 1-61",2,1023,1024,DCCCLXXX,13c,,,"Add.14,722,foll.1-61","Add.14,722,foll.1-61",,,,,
"Add. 14,722, foll. 62-77",1,377,377,CCCCLXXIX,14c,,,"Add.14,722,foll.62-77","Add.14,722,foll.62-77",,,,,
"Add. 14,723, foll. 1,2",1,377,377,CCCCLXXIII,13c,,,"Add.14,723,foll.1,2","Add.14,723,foll.3-65",,,,,
"Add. 14,723, foll. 3-65",1,358,358,CCCCXLVIII,13c,,,"Add.14,723,foll.3-65","Add.14,723,foll.66-113",,,,,
"Add. 14,723, foll. 66-113",1,144,145,CCXVII,13c,,,"Add.14,723,foll.66-113","Add.14,723,foll1,2",,,,,
"Add. 14,724, foll. 1-113",1,375,376,CCCCLXXI,13c,,,"Add.14,724,foll.1-113","Add.14,724,foll.1-113",,,,,
"Add. 14,724, foll. 114-144",1,380,381,CCCCLXXXVIII,13c,,,"Add.14,724,foll.114-144","Add.14,724,foll.114-144",,,,,
"Add. 14,725, fol. 99",1,399,399,DXXVI,10c-11c,,,"Add.14,725,fol.99","Add.14,725,foll.100-215",,,,,
"Add. 14,725, foll. 100-215",2,441,443,DLXIII,10c-11c,,,"Add.14,725,foll.100-215","Add.14,725,foll.1-95",,,,,
"Add. 14,725, foll. 1-95",2,827,828,DCCCXIV,10c,,,"Add.14,725,foll.1-95","Add.14,725,foll.96-98",,,,,
"Add. 14,725, foll. 96-98",1,399,399,DXXV,10c-11c,,,"Add.14,725,foll.96-98","Add.14,726,foL99",,,,,
"Add. 14,726, foll. 1-86",2,828,831,DCCCXV,10c,,,"Add.14,726,foll.1-86","Add.14,726,foll.1-86",,,,,
"Add. 14,726, foll. 87-128",2,617,618,DCCXVIII,10c,,,"Add.14,726,foll.87-128","Add.14,726,foll.87-128",,,,,
"Add. 14,727 ",2,886,890,DCCCXLVIII,13c,,,"Add.14,727","Add.14,727",,,,,
"Add. 14,728, foll. 138-207",2,883,884,DCCCXLIII,13c,,,"Add.14,728,foll.138-207","Add.14,728,foll.138-207",,,,,
"Add. 14,728, foll. 1-75",2,882,883,DCCCXLII,13c,,,"Add.14,728,foll.1-75","Add.14,728,foll.1-75",,,,,
"Add. 14,728, foll. 208-238",2,581,581,DCXCVI,12c-13c,,,"Add.14,728,foll.208-238","Add.14,728,foll.208-238",,,,,
"Add. 14,728, foll. 239-268",2,581,584,DCXCVII,12c-13c,,,"Add.14,728,foll.239-268","Add.14,728,foll.239-268",,,,,
"Add. 14,728, foll. 76-137",2,876,876,DCCCXL,12c-13c,,,"Add.14,728,foll.76-137","Add.14,728,foll.76-137",,,,,
"Add. 14,729, foll. 1-115",2,860,865,DCCCXXXII,1172-3,,,"Add.14,729,foll.1-115","Add.14,729,fdL198-198",Here,,,,
"Add. 14,729, foll. 116-123",2,873,874,DCCCXXXVIII,12c-13c,,,"Add.14,729,foll.116-123","Add.14,729,foll.1-115",,,,,
"Add. 14,729, foll. 124-192",2,874,876,DCCCXXXIX,12c-13c,,,"Add.14,729,foll.124-192","Add.14,729,foll.116-123",,,,,
"Add. 14,729, foll. 193-198",1,389,390,DIX,13c,,,"Add.14,729,foll.193-198","Add.14,729,foll.124-192",,,,,
"Add. 14,729, foll. 199-234",2,584,585,DCXCVIII,12c-13c,,,"Add.14,729,foll.199-234","Add.14,729,foll.199-234",,,,,
"Add. 14,730, foll. 1-111",2,865,866,DCCCXXXIV,12c,,,"Add.14,730,foll.1-111","Add.14,730,foll.1-111",,,,,
"Add. 14,730, foll. 112-164",3,1122,1123,DCCCCLIX,12c,,,"Add.14,730,foll.112-164","Add.14,730,foll.112-164",,,,,
"Add. 14,731 ",2,853,855,DCCCXXVII,11c,,,"Add.14,731","Add.14,731",,,,,
"Add. 14,732, fol. 228",2,517,517,DCLXVIII,12c-13c,,,"Add.14,732,fol.228","Add.14,732,fol.228",,,,,
"Add. 14,732, foll. 1-227",3,1141,1146,DCCCCLXIII,13c,,,"Add.14,732,foll.1-227","Add.14,732,foll.1-227",,,,,
"Add. 14,732, foll. 229-237",2,867,867,DCCCXXXVI,12c,,,"Add.14,732,foll.229-237","Add.14,732,foll.229-237",,,,,
"Add. 14,733 ",3,1139,1140,DCCCCLXI,1199,,,"Add.14,733","Add.14,733",,,,,
"Add. 14,734, foll. 1-176",3,1147,1148,DCCCCLXVII,1085,,,"Add.14,734,foll.1-176","Add.14,734,foll.1-176",,,,,
"Add. 14,734, foll. 177-223",3,1119,1119,DCCCCLVI,11c,,,"Add.14,734,foll.177-223","Add.14,734,foll.177-223",,,,,
"Add. 14,735, foll. 1-23",3,1151,1151,DCCCCLXXIX,13c,,,"Add.14,735,foll.1-23","Add.14,735,foll.1-23",,,,,
"Add. 14,735, foll. 24-50",3,1149,1149,DCCCCLXXI,13c,,,"Add.14,735,foll.24-50","Add.14,735,foll.24-60",Here,,,,
"Add. 14,735, foll. 51-71",3,1148,1148,DCCCCLXIX,12c-13c,,,"Add.14,735,foll.51-71","Add.14,735,foll.51-71",,,,,
"Add. 14,735, foll. 72-173",3,1120,1122,DCCCCLVIII,12c,,,"Add.14,735,foll.72-173","Add.14,736,foll.72-173",Here,,,,
"Add. 14,736, fol. 12",3,1153,1153,DCCCCLXXXV,14c,,,"Add.14,736,fol.12","Add.14,736,fol.12",,,,,
"Add. 14,736, fol. 3",2,1026,1026,DCCCCIV,13c,,,"Add.14,736,fol.3","Add.14,736,fol.3",,,,,
"Add. 14,736, fol. 33",1,21,21,CCLXVIII,13c,,,"Add.14,736,fol.33",,Here,,,,
"Add. 14,736, fol. 34",1,21,21,CCLXIX,13c,,,"Add.14,736,fol.34",,Here,,,,
"Add. 14,736, fol. 48",1,396,396,DXIX,13c,,,"Add.14,736,fol.48","Add.14,736,fol.48",,,,,
"Add. 14,736, fol. 58",1,378,378,CCCCLXXXIII,15c,,,"Add.14,736,fol.58","Add.14,736,fol.60",,,,,
"Add. 14,736, fol. 59",1,378,378,CCCCLXXXIV,15c,,,"Add.14,736,fol.59","Add.14,736,fol.66",,,,,
"Add. 14,736, fol. 60",1,391,391,DXII,15c,,,"Add.14,736,fol.60","Add.14,736,foL58",,,,,
"Add. 14,736, fol. 66",1,316,316,CCCCII,16c,,,"Add.14,736,fol.66","Add.14,736,foL59",,,,,
"Add. 14,736, foll. 1,2",2,591,591,DCCV,13c-14c,,,"Add.14,736,foll.1,2","Add.14,736,foll.1,2",,,,,
"Add. 14,736, foll. 10,11",2,517,517,DCLXIX,12c-13c,,,"Add.14,736,foll.10,11","Add.14,736,foll.10,11",,,,,
"Add. 14,736, foll. 13-21",1,174,174,CCXXXI,13c,,,"Add.14,736,foll.13-21","Add.14,736,foll.13-21",,,,,
"Add. 14,736, foll. 22-32",2,1022,1022,DCCCLXXVIII,13c,,,"Add.14,736,foll.22-32","Add.14,736,foll.22-32",,,,,
"Add. 14,736, foll. 35-47",1,303,303,CCCLXX,12c-13c,,,"Add.14,736,foll.35-47","Add.14,736,foll.35-47",,,,,
"Add. 14,736, foll. 4-9",2,416,416,DXLV,13c,,,"Add.14,736,foll.4-9","Add.14736,foll.4-9",,,,,
"Add. 14,736, foll. 49-52",1,39,39,DX,1483,,,"Add.14,736,foll.49-52","Add.14,736,foll.49-62",Here,,,,
"Add. 14,736, foll. 53-55",1,296,296,CCCLVII,13c,,,"Add.14,736,foll.53-55","Add.14,736,foll.53-55",,,,,
"Add. 14,736, foll. 56,57",1,378,378,CCCCLXXXII,15c,,,"Add.14,736,foll.56,57","Add.14,736,foll.61-63",,,,,
"Add. 14,736, foll. 61-63",1,301,301,CCCLXV,15c,,,"Add.14,736,foll.61-63","Add.14,736,foll.64,66",,,,,
"Add. 14,736, foll. 64,65",1,315,316,CCCXCIX,1492,,,"Add.14,736,foll.64,65","Add.14,736,foll.66,67",Here,,,,
"Add. 14,737, fol. 50",1,212,212,CCLXXVII,14c,,,"Add.14,737,fol.50",,Here,,,,
"Add. 14,737, fol. 92",2,517,517,DCLXX,13c-14c,,,"Add.14,737,fol.92","Add.14,737,fol.92",Here,,,,
"Add. 14,737, fol. 98",3,1199,1199,MXXXI,1332,,,"Add.14,737,fol.98","Add.14,737,fol.98",Here,,,,
"Add. 14,737, fol. 99",3,1199,1200,MXXXIII,1493,,,"Add.14,737,fol.99","Add.14,737,fol.99",Here,,,,
"Add. 14,737, foll. 1-10",1,175,175,CCXXXV,15c,,,"Add.14,737,foll.1-10","Add.14,737,foll.11-17",Here,,,,
"Add. 14,737, foll. 11-17",1,175,175,CCXXXIV,14c,,,"Add.14,737,foll.11-17","Add.14,737,foll.51and52",Here,,,,
"Add. 14,737, foll. 18-34",1,21,21,CCLXX,13c,,,"Add.14,737,foll.18-34","Add.14,737,foll.59-64",Here,,,,
"Add. 14,737, foll. 35-49",1,212,212,CCLXXVI,14c,,,"Add.14,737,foll.35-49","Add.14,737,foll.63and64",Here,,,,
"Add. 14,737, foll. 51,52",1,207,207,CCLXII,12c-13c,,,"Add.14,737,foll.51,52","Add.14,737,foll.65-58",Here,,,,
"Add. 14,737, foll. 53,54",1,213,213,CCLXXX,15c,,,"Add.14,737,foll.53,54","Add.14,737,foll.65-70",Here,,,,
"Add. 14,737, foll. 55-58",1,314,314,CCCXCVIII,13c-14c,,,"Add.14,737,foll.55-58","Add.14,737,foll.71,72",Here,,,,
"Add. 14,737, foll. 59-64",1,377,377,CCCCLXXIV,13c,,,"Add.14,737,foll.59-64","Add.14,737,foll.85,86",Here,,,,
"Add. 14,737, foll. 65-70",1,297,297,CCCLIX,12c-13c,,,"Add.14,737,foll.65-70","Add.14,737,foll.87-91",Here,,,,
"Add. 14,737, foll. 71,72",1,276,276,CCCXXXI,12c,,,"Add.14,737,foll.71,72","Add.14,737,fon.73-76",Here,,,,
"Add. 14,737, foll. 73-76",1,377,377,CCCCLXXV,13c,,,"Add.14,737,foll.73-76",,Here,,,,
"Add. 14,737, foll. 77-84",1,274,275,CCCXXIX,1175,,,"Add.14,737,foll.77-84",,Here,,,,
"Add. 14,737, foll. 85,86",3,1146,1146,DCCCCLXV,13c,,,"Add.14,737,foll.85,86",,Here,,,,
"Add. 14,737, foll. 87-91",2,1026,1026,DCCCCIII,13c,,,"Add.14,737,foll.87-91",,Here,,,,
"Add. 14,738, fol. 1",1,7,7,VIII,14c,,,"Add.14,738,fol.1","Add.14,738,fol.1",Here,,,,
"Add. 14,738, fol. 10",1,174,174,CCXXXII,13c,,,"Add.14,738,fol.10","Add.14,738,fol.106",Here,,,,
"Add. 14,738, fol. 105",3,1153,1153,DCCCCLXXXVI,13c,,,"Add.14,738,fol.105","Add.14,738,fol.116",Here,,,,
"Add. 14,738, fol. 116",2,1026,1026,DCCCCI,12c,,,"Add.14,738,fol.116","Add.14,738,fol.119",Here,,,,
"Add. 14,738, fol. 119",2,1026,1026,DCCCXCIX,11c-12c,,,"Add.14,738,fol.119","Add.14,738,fol.120",Here,,,,
"Add. 14,738, fol. 120",3,1199,1199,MXXXII,1413,,,"Add.14,738,fol.120","Add.14,738,fol.84",Here,,,,
"Add. 14,738, fol. 84",1,377,377,CCCCLXXVIII,13c-14c,,,"Add.14,738,fol.84","Add.14,738,foL10",Here,,,,
"Add. 14,738, foll. 106,107",3,1149,1149,DCCCCLXX,12c-13c,,,"Add.14,738,foll.106,107","Add.14,738,foll.106,107",Here,,,,
"Add. 14,738, foll. 108,109",2,1026,1026,DCCCCII,12c-13c,,,"Add.14,738,foll.108,109","Add.14,738,foll.108,109",Here,,,,
"Add. 14,738, foll. 110-113",2,1026,1026,DCCCC,12c,,,"Add.14,738,foll.110-113","Add.14,738,foll.110-113",Here,,,,
"Add. 14,738, foll. 11-22",1,212,212,CCLXXV,14c,,,"Add.14,738,foll.11-22","Add.14,738,foll.114,115",Here,,,,
"Add. 14,738, foll. 114,115",3,1164,1164,DCCCCXCI,11c,,,"Add.14,738,foll.114,115","Add.14,738,foll.117,118",Here,,,,
"Add. 14,738, foll. 117,118",2,516,516,DCLXV,11c,,,"Add.14,738,foll.117,118","Add.14,738,foll.35and36",Here,,,,
"Add. 14,738, foll. 23-34",1,21,21,CCLXXI,13c,,,"Add.14,738,foll.23-34","Add.14,738,foll.37-60",Here,,,,
"Add. 14,738, foll. 2-5",1,136,136,CXCII,13c,,,"Add.14,738,foll.2-5","Add.14,738,foll.61-63",Here,,,,
"Add. 14,738, foll. 35,36",1,213,213,CCLXXIX,14c,,,"Add.14,738,foll.35,36","Add.14,738,foll.64-76",Here,,,,
"Add. 14,738, foll. 37-60",1,279,279,CCCXXXVI,13c,,,"Add.14,738,foll.37-60","Add.14,738,foll.6and7",Here,,,,
"Add. 14,738, foll. 6,7",1,83,83,CXXX,13c,,,"Add.14,738,foll.6,7","Add.14,738,foll.79-81",Here,,,,
"Add. 14,738, foll. 61-63",1,377,377,CCCCLXXVI,13c,,,"Add.14,738,foll.61-63","Add.14,738,foll.82,83",Here,,,,
"Add. 14,738, foll. 64-76",1,381,381,CCCCXC,13c-14c,,,"Add.14,738,foll.64-76","Add.14,738,foll.8and9",Here,,,,
"Add. 14,738, foll. 77,78",1,316,316,CCCCV,13c,,,"Add.14,738,foll.77,78","Add.14,738,foll.90-104",Here,,,,
"Add. 14,738, foll. 79-81",1,377,377,CCCCLXXVII,13c,,,"Add.14,738,foll.79-81","Add.14,738,folL28-54",Here,,,,
"Add. 14,738, foll. 8,9",1,95,96,CLII,13c-14c,,,"Add.14,738,foll.8,9","Add.14,738,folL77,78",Here,,,,
"Add. 14,738, foll. 82,83",1,377,377,CCCCLXXX,14c,,,"Add.14,738,foll.82,83",,Here,,,,
"Add. 14,738, foll. 85-89",2,89,89,DCCCXLIX,13c-14c,,,"Add.14,738,foll.85-89","Add.14,738,foll.85-89",,,,,
"Add. 14,738, foll. 90-104",3,115,115,DCCCCLXXV,13c,,,"Add.14,738,foll.90-104",,Here,,,,
"Add. 14,739, fol. 23",1,316,316,CCCC,1483,,,"Add.14,739,fol.23","Add.14,739,fol.23",,,,,
"Add. 14,739, fol. 24",3,1198,1199,MXXIX,13c,,,"Add.14,739,fol.24","Add.14,739,fol.24",,,,,
"Add. 14,739, foll. 12-14",2,516,516,DCLXIII,12c,,,"Add.14,739,foll.12-14","Add.14,739,foll.12-14",,,,,
"Add. 14,739, foll. 15-18",1,28,28,CCCXXXVII,13c,,,"Add.14,739,foll.15-18","Add.14,739,foll.15-18",,,,,
"Add. 14,739, foll. 1-6",2,866,867,DCCCXXXV,12c,,,"Add.14,739,foll.1-6","Add.14,739,foll.1-6",,,,,
"Add. 14,739, foll. 19-22",1,178,178,CCXLII,13c-14c,,,"Add.14,739,foll.19-22","Add.14,739,foll.19-22",,,,,
"Add. 14,739, foll. 7-11",2,516,517,DCLXVI,11c-12c,,,"Add.14,739,foll.7-11","Add.14,739,foll.7-11",,,,,
"Add. 15,443 ",1,139,141,CCIII,1826,,,"Add.15,443","Add.15,443",,,,,
"Add. 17,102 ",1,11,12,XVII,599,,,"Add.17,102","Add.17,102",,,,,
"Add. 17,103 ",1,32,33,LII,8c,,,"Add.17,103","Add.17,103",,,,,
"Add. 17,104 ",1,16,17,XXV,6c,,,"Add.17,104","Add.17,104",,,,,
"Add. 17,105 ",1,22,23,XXXVI,6c,,,"Add.17,105","Add.17,105",,,,,
"Add. 17,106, foll. 1-73",1,23,23,XXXVII,6c-7c,,,"Add.17,106,foll.1-73","Add.17,106,foll.1-73",,,,,
"Add. 17,106, foll. 74-87",1,28,28,XLVII,7c,,,"Add.17,106,foll.74-87","Add.17,106,foll.74-87",,,,,
"Add. 17,107 ",1,23,24,XXXVIII,541,,,"Add.17,107","Add.17,107",,,,,
"Add. 17,108 ",1,18,18,XXIX,6c,,,"Add.17,108","Add.17,108",,,,,
"Add. 17,109 ",1,120,122,CLXX,873-874,,,"Add.17,109","Add.17,109",,,,,
"Add. 17,110 ",1,116,119,CLXVIII,600,(at latest),,"Add.17,110","Add.17,110",,,,,
"Add. 17,111 ",1,125,126,CLXXVI,927,,,"Add.17,111","Add.17,111",,,,,
"Add. 17,112 ",1,127,127,CLXXIX,10c-11c,,,"Add.17,112","Add.17,112",,,,,
"Add. 17,113 ",1,48,49,LXXII,6c-7c,,,"Add.17,113","Add.17,113",,,,,
"Add. 17,114 ",1,45,46,LXVIII,6c-7c,,,"Add.17,114","Add.17,114",,,,,
"Add. 17,115 ",1,66,66,XCVI,6c,,,"Add.17,115","Add.17,115",,,,,
"Add. 17,116 ",1,65,65,XCIII,6c,,,"Add.17,116","Add.17,116",,,,,
"Add. 17,117 ",1,64,64,XCI,5c-6c,(early),,"Add.17,117","Add.17,117",,,,,
"Add. 17,118 ",1,57,58,LXXXI,8c-9c,,,"Add.17,118","Add.17,118",,,,,
"Add. 17,119 ",1,71,72,CXII,6c-7c,,,"Add.17,119","Add.17,119",,,,,
"Add. 17,120 ",1,8,8,CXXVI,6c,,,"Add.17,120","Add.17,120",,,,,
"Add. 17,121 ",1,80,81,CXXVII,6c,,,"Add.17,121","Add.17,121",,,,,
"Add. 17,122 ",1,87,88,CXXXVII,6c,,,"Add.17,122","Add.17,122",,,,,
"Add. 17,123 ",1,93,93,CXLV,9c-10c,,,"Add.17,123","Add.17,123",,,,,
"Add. 17,124 ",1,42,44,LXV,1234,,,"Add.17,124","Add.17,124",,,,,
"Add. 17,125 ",1,123,125,CLXXV,9c-10c,,,"Add.17,125","Add.17,126",Here,,,,
"Add. 17,126 ",2,526,526,DCLXXIV,511,,,"Add.17,126","Add.17,126",,,,,
"Add. 17,127 ",2,1020,1021,DCCCLXXV,1088,,,"Add.17,127","Add.17,127",,,,,
"Add. 17,128 ",1,226,227,CCXC,10c-11c,,,"Add.17,128","Add.17,128",,,,,
"Add. 17,129 ",1,383,383,CCCCXCIV,7c-8c,,,"Add.17,129","Add.17,129",,,,,
"Add. 17,130 ",1,392,393,DXIII,877,,,"Add.17,130","Add.17,130",,,,,
"Add. 17,131 ",1,395,395,DXVI,12c,,,"Add.17,131","Add.17,131",,,,,
"Add. 17,132 ",1,371,371,CCCCLXVIII,12c-13c,,,"Add.17,132","Add.17,132",,,,,
"Add. 17,133 ",1,324,324,CCCCXII,11c,,,"Add.17,133","Add.17,133",,,,,
"Add. 17,134 ",1,330,339,CCCCXXI,675,,,"Add.17,134","Add.17,134",,,,,
"Add. 17,135 ",1,293,294,CCCL,10c,,,"Add.17,135","Add.17,135",,,,,
"Add. 17,136 ",1,343,345,CCCCXXVII,10c-11c,,,"Add.17,136","Add.17,136",,,,,
"Add. 17,137 ",1,369,370,CCCCLXV,varied,,,"Add.17,137","Add.17,137",,,,,
"Add. 17,138 ",1,295,295,CCCLIV,11c,,,"Add.17,138","Add.17,138",,,,,
"Add. 17,139 ",1,343,343,CCCCXXVI,10c-11c,,,"Add.17,139","Add.17,139",,,,,
"Add. 17,140 ",1,345,346,CCCCXXIX,11c,,,"Add.17,140","Add.17,140",,,,,
"Add. 17,141 ",1,359,363,CCCCL,8c-9c,,,"Add.17,141","Add.17,141",,,,,
"Add. 17,142 ",3,1042,1042,DCCCCXVII,6c,,,"Add.17,142","Add.17,142",,,,,
"Add. 17,143 ",2,416,416,DXLVI,5c,,,"Add.17,143","Add.17,143",,,,,
"Add. 17,144 ",2,652,654,DCCXXXII,6c,,,"Add.17,144","Add.17,144",,,,,
"Add. 17,145 ",2,418,419,DXLVIII,8c-9c,,,"Add.17,145","Add.17,145",,,,,
"Add. 17,146 ",2,437,438,DLX,6c-7c,,,"Add.17,146","Add.17,146",,,,,
"Add. 17,147 ",2,438,440,DLXI,8c-9c,,,"Add.17,147","Add.17,147",,,,,
"Add. 17,148 ",2,717,718,DCCLVI,7c,,,"Add.17,148","Add.17,148",,,,,
"Add. 17,149 ",2,668,669,DCCXXXIX,6c,,,"Add.17,149",,Here,,,,
"Add. 17,150 ",2,492,493,DCXXII,7c-8c,,,"Add.17,150","Add.17,150",,,,,
"Add. 17,151 ",2,490,491,DCXIX,7c,,,"Add.17,151","Add.17,151",,,,,
"Add. 17,152 ",2,477,478,DXCVI,594,,,"Add.17,152","Add.17,152",,,,,
"Add. 17,153 ",2,531,531,DCLXXIX,6c,,,"Add.17,153","Add.17,153",,,,,
"Add. 17,154 ",2,557,558,DCXCI,7c,,,"Add.17,154","Add.17,154",,,,,
"Add. 17,155 ",2,507,508,DCXXXIX,6c-7c,,,"Add.17,155","Add.17,155",,,,,
"Add. 17,156 ",3,1187,1188,MV,8c,,,"Add.17,156",,Here,,,,
"Add. 17,156, foll. 1-12 X",3,1162,1163,DCCCCLXXXI,9c,,,"Add.17,156,foll.1-12X","Add.17,156,foll.1-12",Here,,,,
"Add. 17,156, foll. 16-31",1,302,302,CCCLXVII,10c,,,"Add.17,156,foll.16-31","Add.17,156,foll.16-31",,,,,
"Add. 17,157 ",2,504,505,DCXXXVI,565,,,"Add.17,157","Add.17,157",,,,,
"Add. 17,158, fol. 57",2,416,416,DXLIV,8c,,,"Add.17,158,fol.57","Add.17,158,fol.57",,,,,
"Add. 17,158, foll. 1-48",2,681,683,DCCXLVI,6c-7c,,,"Add.17,158,foll.1-48","Add.17,158,foll.1-48",,,,,
"Add. 17,158, foll. 49-56",2,513,513,DCLI,8c,,,"Add.17,158,foll.49-56","Add.17,158,foll.49-56",,,,,
"Add. 17,159, foll. 1-63",2,511,511,DCXLV,7c,,,"Add.17,159,foll.1-63","Add.17,159,foll.1-63",,,,,
"Add. 17,159, foll. 64-93",2,511,512,DCXLVI,7c,,,"Add.17,159,foll.64-93","Add.17,159,foll.64-93",,,,,
"Add. 17,160, fol. 27",2,1025,1025,DCCCLXXXIX,7c,,,"Add.17,160,fol.27","Add.17,160,fol.27",,,,,
"Add. 17,160, fol. 28",2,1024,1024,DCCCLXXXIII,6c-7c,,,"Add.17,160,fol.28","Add.17,160,fol.28",,,,,
"Add. 17,160, foll. 1-18",2,512,513,DCL,7c,,,"Add.17,160,foll.1-18","Add.17,160,foll.1-18",,,,,
"Add. 17,160, foll. 19-23",2,481,482,DCIV,6c-7c,,,"Add.17,160,foll.19-23","Add.17,160,foll.19-23",,,,,
"Add. 17,160, foll. 24-26",2,1018,1018,DCCCLXIX,8c,,,"Add.17,160,foll.24-26","Add.17,160,foll.24-26",,,,,
"Add. 17,160, foll. 29,30",1,235,236,CCCIII,789,,,"Add.17,160,foll.29,30","Add.17,160,foll.29and30",,,,,
"Add. 17,161 ",2,505,506,DCXXXVII,6c,,,"Add.17,161","Add.17,161",,,,,
"Add. 17,162, foll. 1-14",1,111,112,CLXIV,10c-11c,,,"Add.17,162,foll.1-14","Add.17,162,foll.1-14",,,,,
"Add. 17,162, foll. 15-27",2,513,514,DCLIV,9c,,,"Add.17,162,foll.15-27","Add.17,162,foll.16-27",Here,,,,
"Add. 17,163, foll. 1-48",2,524,526,DCLXXIII,7c,,,"Add.17,163,foll.1-48","Add.17,163,foll.1-48",,,,,
"Add. 17,163, foll. 49-53",2,1018,1018,DCCCLXX,9c,,,"Add.17,163,foll.49-53","Add.17,163,foll.49-53",,,,,
"Add. 17,164 ",2,680,681,DCCXLV,6c-7c,,,"Add.17,164","Add.17,164",,,,,
"Add. 17,165 ",2,654,655,DCCXXXIII,6c,,,"Add.17,165","Add.17,165",,,,,
"Add. 17,166 ",2,658,660,DCCXXXVII,6c,,,"Add.17,166","Add.17,166",,,,,
"Add. 17,167 ",2,676,678,DCCXLIII,6c-7c,,,"Add.17,167","Add.17,167",,,,,
"Add. 17,168, fol. 1-113",2,782,784,DCCXCII,9c,,,"Add.17,168,fol.1-113","Add.17,168,foll.1-113",,,,,
"Add. 17,168, foll. 114-153",2,777,778,DCCLXXXVIII,9c,,,"Add.17,168,foll.114-153","Add.17,168,foll.114-153",,,,,
"Add. 17,168, foll. 154-184",2,8,8,DCCXCIX,9c,,,"Add.17,168,foll.154-184","Add.17,168,foll.154-184",,,,,
"Add. 17,169 ",2,450,454,DLXXII,581,,,"Add.17,169","Add.17,169",,,,,
"Add. 17,170 ",2,454,458,DLXXIII,774-5,,,"Add.17,170","Add.17,170",,,,,
"Add. 17,171, foll. 1-16",2,657,657,DCCXXXV,6c,,,"Add.17,171,foll.1-16","Add.17,171,foll.1-16",,,,,
"Add. 17,171, foll. 17-23",2,513,513,DCLII,8c,,,"Add.17,171,foll.17-23","Add.17,171,foll.17-23",,,,,
"Add. 17,172 ",2,759,762,DCCLXXX,819-830,,,"Add.17,172","Add.17,172",,,,,
"Add. 17,173 ",2,726,729,DCCLXII,7c,,,"Add.17,173","Add.17,173",,,,,
"Add. 17,174 ",3,1074,1076,DCCCCXXVIII,929,,,"Add.17,174","Add.17,174",,,,,
"Add. 17,175 ",3,108,108,DCCCCXXXII,10c,,,"Add.17,175","Add.17,175",,,,,
"Add. 17,176 ",3,1072,1073,DCCCCXXIV,532,,,"Add.17,176","Add.17,176",,,,,
"Add. 17,177 ",3,1073,1074,DCCCCXXV,6c,,,"Add.17,177","Add.17,177",,,,,
"Add. 17,178 ",2,855,857,DCCCXXVIII,11c-12c,,,"Add.17,178","Add.17,178",,,,,
"Add. 17,179 ",2,857,858,DCCCXXIX,11c-12c,,,"Add.17,179","Add.17,179",,,,,
"Add. 17,180 ",2,851,853,DCCCXXVI,11c,,,"Add.17,180","Add.17,180",,,,,
"Add. 17,181 ",2,661,668,DCCXXXVIII,6c,,,"Add.17,181","Add.17,181",,,,,
"Add. 17,182, foll. 100-175",2,404,405,DXXX,512,,,"Add.17,182,foll.100-175","Add.17,182,foll.100-176",Here,,,,
"Add. 17,182, foll. 1-99",2,403,404,DXXIX,474,,,"Add.17,182,foll.1-99","Add.17,182,foll.1-99",,,,,
"Add. 17,183 ",2,819,823,DCCCXII,10c,,,"Add.17,183","Add.17,183",,,,,
"Add. 17,184 ",2,509,510,DCXLI,6c-7c,,,"Add.17,184","Add.17,184",,,,,
"Add. 17,185 ",2,838,840,DCCCXXII,10c-11c,,,"Add.17,185","Add.17,185",,,,,
"Add. 17,186 ",2,420,421,DLI,6c,,,"Add.17,186","Add.17,186",,,,,
"Add. 17,187 ",2,605,605,DCCVIII,10c,,,"Add.17,187","Add.17,187",,,,,
"Add. 17,188 ",2,620,622,DCCXXI,10c-11c,,,"Add.17,188","Add.17,188",,,,,
"Add. 17,189, foll. 1-16",2,407,407,DXXXIV,5c-6c,,,"Add.17,189,foll.1-16",,Here,,,,
"Add. 17,189, foll. 17-21",2,1016,1016,DCCCLXV,6c,,,"Add.17,189,foll.17-21","Add.17,189,foll.17-21",,,,,
"Add. 17,190 ",1,243,244,CCCVII,893,,,"Add.17,190","Add.17,190",,,,,
"Add. 17,191 ",2,1008,1015,DCCCLXIV,9c-10c,,,"Add.17,191","Add.17,191",,,,,
"Add. 17,192 ",2,778,781,DCCLXXXIX,9c,,,"Add.17,192","Add.17,192",,,,,
"Add. 17,193 ",2,989,1002,DCCCLXI,874,,,"Add.17,193","Add.17,193",,,,,
"Add. 17,194 ",2,1002,1003,DCCCLXII,886,,,"Add.17,194","Add.17,194",,,,,
"Add. 17,195 ",2,914,915,DCCCLIV,10c,,,"Add.17,195","Add.17,195",,,,,
"Add. 17,196 ",2,776,777,DCCLXXXVII,6c,,,"Add.17,196","Add.17,196",,,,,
"Add. 17,197, foll. 1-25",2,440,441,DLXII,9c-10c,,,"Add.17,197,foll.1-25","Add.17,197,foll.1-25",,,,,
"Add. 17,197, foll. 26-46",2,606,608,DCCXI,9c-10c,,,"Add.17,197,foll.26-46","Add.17,197,foll.26-46",,,,,
"Add. 17,198 ",2,503,503,DCXXXII,7c,,,"Add.17,198","Add.17,198",,,,,
"Add. 17,199 ",2,612,613,DCCXV,8c,,,"Add.17,199","Add.17,199",,,,,
"Add. 17,200 ",2,554,555,DCLXXXIX,7c,,,"Add.17,200","Add.17,200",,,,,
"Add. 17,201, foll. 1-15",2,69,69,DCCXLIX,6c-7c,,,"Add.17,201,foll.1-15","Add.17,201,foll.1-1.5",Here,,,,
"Add. 17,201, foll. 16-21",2,458,458,DLXXIV,8c,,,"Add.17,201,foll.16-21","Add.17,201,foll.16-21",,,,,
"Add. 17,201, foll. 22-25",3,1149,1149,DCCCCLXXIII,7c-8c,,,"Add.17,201,foll.22-25","Add.17,201,foll.22-25",,,,,
"Add. 17,201, foll. 26-32",2,465,465,DLXXXI,9c-10c,,,"Add.17,201,foll.26-32",,Here,,,,
"Add. 17,202 ",3,1046,1061,DCCCCXIX,6c,(late)-7c(early),,"Add.17,202","Add.17,202",,,,,
"Add. 17,203 ",3,1151,1151,DCCCCLXXX,11c,,,"Add.17,203","Add.17,203",,,,,
"Add. 17,204 ",3,1081,1081,DCCCCXXXIV,5c,,,"Add.17,204","Add.17,204",,,,,
"Add. 17,205 ",3,1087,1087,DCCCCXXXVIII,6c,,,"Add.17,205","Add.17,205",,,,,
"Add. 17,206 ",2,859,860,DCCCXXXI,11c-12c,,,"Add.17,206","Add.17,206",,,,,
"Add. 17,207 ",1,365,366,CCCCLIII,8c-9c,,,"Add.17,207","Add.17,207",,,,,
"Add. 17,208 ",2,613,617,DCCXVII,9c,,,"Add.17,208","Add.17,208",,,,,
"Add. 17,209 ",3,1184,1186,MIII,9c,,,"Add.17,209","Add.17,209",,,,,
"Add. 17,210-211",2,548,550,DCLXXXVII,5c,,,"Add.17,210-211","Add.17,210-211",,,,,
"Add. 17,212 ",2,479,480,DXCVIII,9c-10c,,,"Add.17,212","Add.17,212",,,,,
"Add. 17,213, fol. 13",2,515,515,DCLIX,10c,,,"Add.17,213,fol.13","Add.17,213,fol.13",,,,,
"Add. 17,213, fol. 14",2,515,516,DCLXI,11c,,,"Add.17,213,fol.14","Add.17,213,fol.14",,,,,
"Add. 17,213, fol. 15",2,516,516,DCLXII,11c,,,"Add.17,213,fol.15","Add.17,213,fol.15",,,,,
"Add. 17,213, fol. 18",2,516,516,DCLXIV,10c,,,"Add.17,213,fol.18","Add.17,213,fol.18",,,,,
"Add. 17,213, fol. 19",3,115,115,DCCCCLXXVII,10c-11c,,,"Add.17,213,fol.19","Add.17,213,fol.19",,,,,
"Add. 17,213, fol. 20",1,295,296,CCCLV,1101,,,"Add.17,213,fol.20","Add.17,213,fol.20",,,,,
"Add. 17,213, fol. 3",1,28,28,XLVI,9c,,,"Add.17,213,fol.3","Add.17,213,fol.3",,,,,
"Add. 17,213, fol. 40",1,176,176,CCXXXVIII,13c,,,"Add.17,213,fol.40","Add.17,213,fol.41",,,,,
"Add. 17,213, fol. 41",3,1198,1198,MXXVII,1209,,,"Add.17,213,fol.41","Add.17,213,fol.42",,,,,
"Add. 17,213, fol. 42",3,1197,1197,MXXII,10c,,,"Add.17,213,fol.42","Add.17,213,fol.43",,,,,
"Add. 17,213, fol. 43",3,1194,1194,MX,6c-7c,,,"Add.17,213,fol.43","Add.17,213,foL40",,,,,
"Add. 17,213, foll. 1,2",1,37,37,LVII,9c,,,"Add.17,213,foll.1,2","Add.17,213,foll.11,12",,,,,
"Add. 17,213, foll. 11,12",2,515,515,DCLVII,9c-10c,,,"Add.17,213,foll.11,12","Add.17,213,foll.16,17",,,,,
"Add. 17,213, foll. 16,17",2,515,515,DCLX,10c,,,"Add.17,213,foll.16,17","Add.17,213,foll.1and2",,,,,
"Add. 17,213, foll. 21-39",2,781,781,DCCXC,9c,,,"Add.17,213,foll.21-39","Add.17,213,foll.21-39",,,,,
"Add. 17,213, foll. 4,5",2,401,401,DXXVII,6c,,,"Add.17,213,foll.4,5","Add.17,213,foll.4,5",,,,,
"Add. 17,213, foll. 41,42",1,367,367,CCCCLIX,11c,,,"Add.17,213,foll.41,42","Add.17,213,foll.6,7",Here,,,,
"Add. 17,213, foll. 6,7",2,1025,1025,DCCCXCI,8c-9c,,,"Add.17,213,foll.6,7","Add.17,213,foll.8-10",Here,,,,
"Add. 17,213, foll. 8-10",2,752,752,DCCLXXVI,8c-9c,,,"Add.17,213,foll.8-10",,Here,,,,
"Add. 17,214 ",2,915,917,DCCCLV,7c,,,"Add.17,214","Add.17,214",,,,,
"Add. 17,215, fol. 34",2,503,504,DCXXXIV,8c-9c,,,"Add.17,215,fol.34","Add.17,215,fol.34",,,,,
"Add. 17,215, fol. 48",3,1196,1197,MXVIII,9c-10c,,,"Add.17,215,fol.48","Add.17,215,fol.48",,,,,
"Add. 17,215, fol. 49",3,1198,1198,MXXV,11c,,,"Add.17,215,fol.49","Add.17,215,fol.49",,,,,
"Add. 17,215, fol. 50",3,12,12,MXXXVI,(not,given),,"Add.17,215,fol.50","Add.17,215,fol.50",,,,,
"Add. 17,215, foll. 1-4",2,1018,1019,DCCCLXXII,9c-10c,,,"Add.17,215,foll.1-4","Add.17,215,foll.26,27",Here,,,,
"Add. 17,215, foll. 22-25",1,388,388,DIII,10c-11c,,,"Add.17,215,foll.22-25","Add.17,215,foll.28,29",Here,,,,
"Add. 17,215, foll. 26,27",2,1025,1025,DCCCXCII,8c-9c,,,"Add.17,215,foll.26,27","Add.17,215,foll.30-33",Here,,,,
"Add. 17,215, foll. 28,29",2,493,493,DCXXIII,10c,,,"Add.17,215,foll.28,29","Add.17,215,foll.35-43",Here,,,,
"Add. 17,215, foll. 30-33",2,1016,1016,DCCCLXVI,7c-8c,,,"Add.17,215,foll.30-33","Add.17,215,foll.44,45",Here,,,,
"Add. 17,215, foll. 35-43",2,84,84,DCCCXXIII,10c-11c,,,"Add.17,215,foll.35-43","Add.17,215,foll.5,6",Here,,,,
"Add. 17,215, foll. 44,45",2,1026,1026,DCCCXCVI,9c,,,"Add.17,215,foll.44,45","Add.17,215,foll.7,8",Here,,,,
"Add. 17,215, foll. 46,47",3,1074,1074,DCCCCXXVII,8c,,,"Add.17,215,foll.46,47","Add.17,216,foll.46,47",Here,,,,
"Add. 17,215, foll. 5,6",3,1164,1165,DCCCCXCIII,839,,,"Add.17,215,foll.5,6",,Here,,,,
"Add. 17,215, foll. 7,8",3,1165,1165,DCCCCXCIV,9c,,,"Add.17,215,foll.7,8",,Here,,,,
"Add. 17,215, foll. 9-21",2,81,81,DCCCV,9c-10c,,,"Add.17,215,foll.9-21","Add.17,215,foll.9-21",Here,,,,
"Add. 17,216, fol. 1",3,1041,1041,DCCCCXIV,8c-9c,,,"Add.17,216,fol.1","Add.17,216,foD.2-14",Here,,,,
"Add. 17,216, fol. 43",2,1037,1037,DCCCCX,8c-9c,,,"Add.17,216,fol.43","Add.17,216,fol.1",Here,,,,
"Add. 17,216, fol. 44",3,115,115,DCCCCLXXVI,9c,,,"Add.17,216,fol.44","Add.17,216,fol.43",Here,,,,
"Add. 17,216, fol. 45",3,1147,1147,DCCCCLXVI,9c-10c,,,"Add.17,216,fol.45","Add.17,216,fol.44",Here,,,,
"Add. 17,216, fol. 46",1,367,367,CCCCLXI,11c,,,"Add.17,216,fol.46","Add.17,216,fol.45",Here,,,,
"Add. 17,216, fol. 47",3,1195,1196,MXV,869,,,"Add.17,216,fol.47","Add.17,216,fol.47",Here,,,,
"Add. 17,216, fol. 48",3,1195,1195,MXIV,849,,,"Add.17,216,fol.48","Add.17,216,fol.48",Here,,,,
"Add. 17,216, fol. 49",3,1197,1197,MXX,-932,,,"Add.17,216,fol.49","Add.17,216,fol.49",Here,,,,
"Add. 17,216, fol. 50",3,1194,1194,MXI,10c/6c-7c,,,"Add.17,216,fol.50","Add.17,216,fol.50",Here,,,,
"Add. 17,216, fol. 51",3,1197,1197,MXXI,-932,,,"Add.17,216,fol.51","Add.17,216,fol.51",Here,,,,
"Add. 17,216, foll. 15-25",1,272,272,CCCXXVI,11c,,,"Add.17,216,foll.15-25","Add.17,216,foL46",Here,,,,
"Add. 17,216, foll. 2-14",3,1041,1041,DCCCCXV,8c-9c,,,"Add.17,216,foll.2-14","Add.17,216,foll.15-25",Here,,,,
"Add. 17,216, foll. 26,27",1,302,302,CCCLXVIII,10c,,,"Add.17,216,foll.26,27","Add.17,216,foll.22-26",Here,,,,
"Add. 17,216, foll. 28-31",1,366,366,CCCCLVI,9c,,,"Add.17,216,foll.28-31","Add.17,216,foll.26and27",Here,,,,
"Add. 17,216, foll. 32,33",2,533,534,DCLXXXIV,13c,,,"Add.17,216,foll.32,33","Add.17,216,foll.32,33",Here,,,,
"Add. 17,216, foll. 34-42",1,37,37,CCCCLXVI,12c,,,"Add.17,216,foll.34-42","Add.17,216,foll.34-42",Here,,,,
"Add. 17,216, foll. 52,53",3,1196,1196,MXVII,9c,,,"Add.17,216,foll.52,53","Add.17,216,foll.52,53",Here,,,,
"Add. 17,217, fol. 39",2,488,489,DCXVI,6c-7c,,,"Add.17,217,fol.39","Add.17,217,fd.54",,,,,
"Add. 17,217, fol. 40",2,1024,1024,DCCCLXXXVI,6c-7c,,,"Add.17,217,fol.40","Add.17,217,fol,59",,,,,
"Add. 17,217, fol. 41",2,484,485,DCX,6c-7c,,,"Add.17,217,fol.41","Add.17,217,fol.39",,,,,
"Add. 17,217, fol. 42",2,1025,1025,DCCCXC,7c-8c,,,"Add.17,217,fol.42","Add.17,217,fol.40",,,,,
"Add. 17,217, fol. 43",2,793,793,DCCXCVI,9c,,,"Add.17,217,fol.43","Add.17,217,fol.41",,,,,
"Add. 17,217, fol. 44",2,1025,1025,DCCCXCIII,9c,,,"Add.17,217,fol.44","Add.17,217,fol.42",,,,,
"Add. 17,217, fol. 45",3,1101,1101,DCCCCXLVII,7c-8c,,,"Add.17,217,fol.45","Add.17,217,fol.43",,,,,
"Add. 17,217, fol. 48",2,1024,1025,DCCCLXXXVII,6c-7c,,,"Add.17,217,fol.48","Add.17,217,fol.44",,,,,
"Add. 17,217, fol. 49",2,1025,1025,DCCCLXXXVIII,7c,,,"Add.17,217,fol.49","Add.17,217,fol.45",,,,,
"Add. 17,217, fol. 50",2,1024,1024,DCCCLXXXIV,6c-7c,,,"Add.17,217,fol.50","Add.17,217,fol.48",,,,,
"Add. 17,217, fol. 51",2,1024,1024,DCCCLXXXV,6c-7c,,,"Add.17,217,fol.51","Add.17,217,fol.49",,,,,
"Add. 17,217, fol. 52",2,1024,1024,DCCCLXXXI,6c,,,"Add.17,217,fol.52","Add.17,217,fol.50",,,,,
"Add. 17,217, fol. 53",2,1025,1026,DCCCXCV,9c,,,"Add.17,217,fol.53","Add.17,217,fol.51",,,,,
"Add. 17,217, fol. 54",1,146,146,CCXIX,6c-7c,,,"Add.17,217,fol.54","Add.17,217,fol.52",Here,,,,
"Add. 17,217, fol. 59",3,1195,1195,MXIII,8c,,,"Add.17,217,fol.59","Add.17,217,fol.53",Here,,,,
"Add. 17,217, fol. 60",3,1194,1194,MIX,6c,,,"Add.17,217,fol.60","Add.17,217,fol.60",Here,,,,
"Add. 17,217, fol. 61",3,1197,1197,MXXIII,8c,,,"Add.17,217,fol.61","Add.17,217,fol.61",Here,,,,
"Add. 17,217, fol. 63",3,1195,1195,MXII,illegible,,,"Add.17,217,fol.63","Add.17,217,fol.63",Here,,,,
"Add. 17,217, foll. 1-19",2,613,613,DCCXVI,9c-10c,,,"Add.17,217,foll.1-19","Add.17,217,foll.1-19",Here,,,,
"Add. 17,217, foll. 20-32",2,482,482,DCVI,9c,,,"Add.17,217,foll.20-32","Add.17,217,foll.20-32",Here,,,,
"Add. 17,217, foll. 33-36",2,488,488,DCXV,8c,,,"Add.17,217,foll.33-36","Add.17,217,foll.33-36",Here,,,,
"Add. 17,217, foll. 37,38",3,1168,1172,DCCCCXCVI,9c-10c,,,"Add.17,217,foll.37,38","Add.17,217,foll.37,38",Here,,,,
"Add. 17,217, foll. 46,47",2,45,45,DLXXI,9c-10c,,,"Add.17,217,foll.46,47","Add.17,217,foll.46,47",Here,,,,
"Add. 17,217, foll. 55,56",2,1025,1025,DCCCXCIV,9c,,,"Add.17,217,foll.55,56","Add.17,217,foll.55,56",Here,,,,
"Add. 17,217, foll. 57,58",2,818,818,DCCCIX,10c,,,"Add.17,217,foll.57,58","Add.17,217,foll.57,58",Here,,,,
"Add. 17,217, foll. 62",3,12,12,MXXXIV,(notgiven),,,"Add.17,217,foll.62","Add.17,217,foll.62",Here,,,,
"Add. 17,218, fol. 3",1,303,303,CCCLXXII,9c,,,"Add.17,218,fol.3","Add.17,218,fol.3",Here,,,,
"Add. 17,218, fol. 43",2,415,415,DXLIII,7c,,,"Add.17,218,fol.43","Add.17,218,fol.43",Here,,,,
"Add. 17,218, fol. 47",1,367,367,CCCCLVII,10c,,,"Add.17,218,fol.47","Add.17,218,fol.58",Here,,,,
"Add. 17,218, fol. 52",1,384,384,CCCCXCVII,9c,,,"Add.17,218,fol.52","Add.17,218,fol.84",Here,,,,
"Add. 17,218, fol. 55",1,395,395,DXVII,12c,,,"Add.17,218,fol.55","Add.17,218,fol.89",Here,,,,
"Add. 17,218, fol. 56",1,316,316,CCCCIV,11c,,,"Add.17,218,fol.56","Add.17,218,fol.90",Here,,,,
"Add. 17,218, fol. 57",1,274,274,CCCXXVIII,11c-12c,,,"Add.17,218,fol.57","Add.17,218,fol.97",Here,,,,
"Add. 17,218, fol. 58",2,1026,1026,DCCCXCVII,9c-10c,,,"Add.17,218,fol.58","Add.17,218,foL47",Here,,,,
"Add. 17,218, fol. 84",2,1024,1024,DCCCLXXXII,6c,,,"Add.17,218,fol.84","Add.17,218,foL52",Here,,,,
"Add. 17,218, fol. 89",2,1026,1026,DCCCXCVIII,10c,,,"Add.17,218,fol.89","Add.17,218,foL55",Here,,,,
"Add. 17,218, fol. 90",1,1,1,CLX,10c,,,"Add.17,218,fol.90","Add.17,218,foL56",Here,,,,
"Add. 17,218, fol. 97",3,12,12,MXXXV,(notgiven),,,"Add.17,218,fol.97","Add.17,218,foL57",Here,,,,
"Add. 17,218, foll,53,54",1,233,233,CCXCVII,8c,,,"Add.17,218,foll,53,54","Add.17,218,foll.23-40",Here,,,,
"Add. 17,218, foll. 23-40",1,154,154,CCXXIII,9c-10c,,,"Add.17,218,foll.23-40","Add.17,218,foll.44-46",Here,,,,
"Add. 17,218, foll. 4-22",1,202,202,CCLII,11c,,,"Add.17,218,foll.4-22","Add.17,218,foll.48,49",Here,,,,
"Add. 17,218, foll. 44-46",1,365,365,CCCCLII,8c-9c,,,"Add.17,218,foll.44-46","Add.17,218,foll.4f-22",Here,,,,
"Add. 17,218, foll. 48,49",1,384,384,CCCCXCVIII,9c-10c,,,"Add.17,218,foll.48,49","Add.17,218,foll.50,51",Here,,,,
"Add. 17,218, foll. 50,51",1,367,367,CCCCLVIII,11c,,,"Add.17,218,foll.50,51","Add.17,218,foll.59-69",Here,,,,
"Add. 17,218, foll. 59-69",2,514,514,DCLV,9c,,,"Add.17,218,foll.59-69","Add.17,218,foll.63,64",Here,,,,
"Add. 17,218, foll. 70-83",2,806,806,DCCCII,9c,,,"Add.17,218,foll.70-83","Add.17,218,foll.70-83",Here,,,,
"Add. 17,218, foll. 85,86",2,1018,1018,DCCCLXXI,9c,,,"Add.17,218,foll.85,86","Add.17,218,foll.85and86",Here,,,,
"Add. 17,218, foll. 87,88",2,1016,1017,DCCCLXVII,7c-8c,,,"Add.17,218,foll.87,88","Add.17,218,foll.87,88",Here,,,,
"Add. 17,218, foll. 91-96",1,177,177,CCXL,12c,,,"Add.17,218,foll.91-96","Add.17,218,foll.91-96",Here,,,,
"Add. 17,219 ",1,134,136,CXCI,13c,,,"Add.17,219","Add.17,219",Here,,,,
"Add. 17,220 ",1,133,134,CXC,13c,,,"Add.17,220","Add.17,220",Here,,,,
"Add. 17,221 ",1,145,145,CCXVIII,14c-15c,,,"Add.17,221","Add.17,221",Here,,,,
"Add. 17,222 ",1,143,143,CCX,13c,,,"Add.17,222","Add.17,223",Here,,,,
"Add. 17,223 ",1,137,137,CXCVII,14c,,,"Add.17,223","Add.17,224,fol.18",Here,,,,
"Add. 17,224, fol. 18",1,298,298,CCCLXII,13c,,,"Add.17,224,fol.18","Add.17,224,fol.36",Here,,,,
"Add. 17,224, fol. 36",3,1198,1198,MXXVIII,13c,,,"Add.17,224,fol.36","Add.17,224,fol.66",Here,,,,
"Add. 17,224, fol. 66",1,71,71,CXI,13c,,,"Add.17,224,fol.66","Add.17,224,fol.75",Here,,,,
"Add. 17,224, fol. 75",1,178,178,CCXLI,13c,,,"Add.17,224,fol.75","Add.17,224,fol.76",Here,,,,
"Add. 17,224, fol. 76",3,1198,1198,MXXVI,11c-12c,,,"Add.17,224,fol.76","Add.17,224,fol.-77",Here,,,,
"Add. 17,224, fol. 77",3,1199,1199,MXXX,13c,,,"Add.17,224,fol.77","Add.17,224,foll.19-21",Here,,,,
"Add. 17,224, foll. 1-17",1,306,306,CCCLXXVI,13c,,,"Add.17,224,foll.1-17","Add.17,224,foll.22-33",Here,,,,
"Add. 17,224, foll. 19-21",1,174,175,CCXXXIII,13c-14c,,,"Add.17,224,foll.19-21","Add.17,224,foll.34,35",Here,,,,
"Add. 17,224, foll. 22-33",1,173,174,CCXXX,13c,,,"Add.17,224,foll.22-33","Add.17,224,foll.37-42",Here,,,,
"Add. 17,224, foll. 34,35",1,194,194,CCXLIX,12c-13c,,,"Add.17,224,foll.34,35","Add.17,224,foll.43-57",Here,,,,
"Add. 17,224, foll. 37-42",1,69,70,CIX,13c,,,"Add.17,224,foll.37-42","Add.17,224,foll.58-65",Here,,,,
"Add. 17,224, foll. 43-57",1,67,67,XCVIII,1173,,,"Add.17,224,foll.43-57","Add.17,224,foll.67-70",Here,,,,
"Add. 17,224, foll. 58-65",1,66,66,XCV,13c,,,"Add.17,224,foll.58-65","Add.17,224,foll.71and72",Here,,,,
"Add. 17,224, foll. 67-70",1,95,95,CXLVIII,13c,,,"Add.17,224,foll.67-70","Add.17,224,foll.73and74",Here,,,,
"Add. 17,224, foll. 71,72",1,95,95,CXLIX,13c,,,"Add.17,224,foll.71,72",,Here,,,,
"Add. 17,224, foll. 73,74",1,95,95,CLI,13c-14c,,,"Add.17,224,foll.73,74",,Here,,,,
"Add. 17,225 ",1,72,73,CXVII,13c,,,"Add.17,225","Add.17,225",,,,,
"Add. 17,226 ",1,79,79,CXXIV,13c-14c,,,"Add.17,226","Add.17,226",,,,,
"Add. 17,227 ",1,94,95,CXLVII,1254,,,"Add.17,227","Add.17,227",,,,,
"Add. 17,228, foll. 1-37",1,96,96,CLIII,13c,,,"Add.17,228,foll.1-37",,Here,,,,
"Add. 17,228, foll. 38-64",1,83,83,CXXXI,13c,,,"Add.17,228,foll.38-64","Add.17,228,foll.38-64",,,,,
"Add. 17,229, foll. 1-47",1,207,208,CCLXIII,1218,,,"Add.17,229,foll.1-47","Add.17,229,foll.1-47",,,,,
"Add. 17,229, foll. 48-77",1,209,209,CCLXV,13c,,,"Add.17,229,foll.48-77","Add.17,229,foll.48-77",,,,,
"Add. 17,230, foll. 1-19",1,234,234,CCCI,14c,,,"Add.17,230,foll.1-19",,Here,,,,
"Add. 17,230, foll. 20-46",1,234,235,CCCII,1337,,,"Add.17,230,foll.20-46","Add.17,230,foll.20-46",,,,,
"Add. 17,231 ",1,299,301,CCCLXIV,1484,,,"Add.17,231","Add.17,231",,,,,
"Add. 17,232 ",1,371,374,CCCCLXIX,1210,,,"Add.17,232","Add.17,232",,,,,
"Add. 17,233, foll. 1-79",1,316,317,CCCCVI,13c,,,"Add.17,233,foll.1-79","Add.17,233,foll.80-151",,,,,
"Add. 17,233, foll. 80-151",1,325,326,CCCCXVI,13c,,,"Add.17,233,foll.80-151","Add.17,233,fon.1-79",,,,,
"Add. 17,234 ",1,317,318,CCCCVII,13c,,,"Add.17,234","Add.17,234",,,,,
"Add. 17,235 ",1,276,277,CCCXXXIII,13c,(early),,"Add.17,235","Add.17,236",Here,,,,
"Add. 17,236 ",1,318,320,CCCCVIII,1284,,,"Add.17,236","Add.17,236",,,,,
"Add. 17,237 ",1,306,307,CCCLXXVIII,13c-14c,,,"Add.17,237","Add.17,237",,,,,
"Add. 17,238 ",1,353,354,CCCCXXXIX,13c,,,"Add.17,238","Add.17,238",,,,,
"Add. 17,239, foll. 1-15",1,212,213,CCLXXVIII,14c,,,"Add.17,239,foll.1-15","Add.17,239,foll.1-16",Here,,,,
"Add. 17,239, foll. 16-60",1,314,314,CCCXCVI,1518,,,"Add.17,239,foll.16-60","Add.17,239,foll.16-60",,,,,
"Add. 17,240 ",1,326,327,CCCCXVII,13c,,,"Add.17,240","Add.17,240",,,,,
"Add. 17,241 ",1,312,312,CCCXCII,13c,,,"Add.17,241","Add.17,241",,,,,
"Add. 17,242, foll. 105-127",2,517,517,DCLXVII,12c,,,"Add.17,242,foll.105-127","Add.17,242,foll.105-127",,,,,
"Add. 17,242, foll. 1-104",2,504,504,DCXXXV,11c-12c,,,"Add.17,242,foll.1-104","Add.17,242,foll.1-104",,,,,
"Add. 17,243 ",1,290,291,CCCXLV,13c,,,"Add.17,243","Add.17,243",,,,,
"Add. 17,244 ",1,354,354,CCCCXL,13c,,,"Add.17,244","Add.17,244",,,,,
"Add. 17,245 ",1,301,302,CCCLXVI,13c,,,"Add.17,245",,Here,,,,
"Add. 17,246, foll. 1-74",1,307,308,CCCLXXX,1239,,,"Add.17,246,foll.1-74","Add.17,246,foll.1-74",,,,,
"Add. 17,246, foll. 75-84",1,308,308,CCCLXXXI,1239,,,"Add.17,246,foll.75-84",,Here,,,,
"Add. 17,246, foll. 85-90",1,308,308,CCCLXXXII,14c,,,"Add.17,246,foll.85-90","Add.17,246,foll.85-90",,,,,
"Add. 17,247 ",1,350,351,CCCCXXXVI,12c,,,"Add.17,247","Add.17,247",,,,,
"Add. 17,248 ",1,369,369,CCCCLXIV,12c,,,"Add.17,248","Add.17,248",,,,,
"Add. 17,249 ",1,303,304,CCCLXXIII,13c-14c,,,"Add.17,249","Add.17,249",,,,,
"Add. 17,250 ",1,313,314,CCCXCV,13c,,,"Add.17,250","Add.17,250",,,,,
"Add. 17,251 ",1,354,355,CCCCXLI,13c,,,"Add.17,251",,Here,,,,
"Add. 17,252 ",1,296,297,CCCLVIII,13c-14c,,,"Add.17,252","Add.17,252",,,,,
"Add. 17,253, foll. 1-69",1,352,353,CCCCXXXVIII,1222,,,"Add.17,253,foll.1-69","Add.17,253,f(jU.1.-69",,,,,
"Add. 17,253, foll. 70-103",1,381,381,CCCCLXXXIX,13c,,,"Add.17,253,foll.70-103",,Here,,,,
"Add. 17,254 ",1,355,356,CCCCXLII,13c,,,"Add.17,254","Add.17,254",,,,,
"Add. 17,255 ",1,357,358,CCCCXLVII,13c,,,"Add.17,255","Add.17,256",Here,,,,
"Add. 17,256, foll. 1-82",1,141,142,CCVIII,1251,,,"Add.17,256,foll.1-82","Add.17,256,foll.83-132",Here,,,,
"Add. 17,256, foll. 83-132",1,142,143,CCIX,1251,,,"Add.17,256,foll.83-132",,Here,,,,
"Add. 17,257, fol. 112",1,138,138,CXCIX,14c,,,"Add.17,257,fol.112","Add.17,257,fol.112",,,,,
"Add. 17,257, fol. 113",1,138,138,CC,14c-15c,,,"Add.17,257,fol.113","Add.17,257,fol.113",,,,,
"Add. 17,257, fol. 74",1,141,141,CCVI,12c-13c,,,"Add.17,257,fol.74","Add.17,257,fol.79",Here,,,,
"Add. 17,257, fol. 75",1,143,143,CCXIII,13c,,,"Add.17,257,fol.75","Add.17,257,foll.103-107",Here,,,,
"Add. 17,257, fol. 79",1,136,137,CXCIV,13c-14c,,,"Add.17,257,fol.79","Add.17,257,foll.1-21",Here,,,,
"Add. 17,257, fol. 80",1,143,143,CCXII,13c,,,"Add.17,257,fol.80","Add.17,257,foll.82,83",Here,,,,
"Add. 17,257, fol. 81",1,144,144,CCXVI,14c,,,"Add.17,257,fol.81","Add.17,257,foll.84-94",Here,,,,
"Add. 17,257, foll. 103-107",1,137,137,CXCV,13c-14c,,,"Add.17,257,foll.103-107","Add.17,257,foll.95-102",Here,,,,
"Add. 17,257, foll. 108-111",1,137,137,CXCVI,13c-14c,,,"Add.17,257,foll.108-111",,Here,,,,
"Add. 17,257, foll. 1-21",1,141,141,CCVII,1248,,,"Add.17,257,foll.1-21",,Here,,,,
"Add. 17,257, foll. 22-73",1,143,144,CCXIV,13c-14c,,,"Add.17,257,foll.22-73",,Here,,,,
"Add. 17,257, foll. 76-78",1,144,144,CCXV,13c-14c,,,"Add.17,257,foll.76-78",,Here,,,,
"Add. 17,257, foll. 82,83",1,129,129,CLXXXV,12c,,,"Add.17,257,foll.82,83",,Here,,,,
"Add. 17,257, foll. 84-94",1,37,37,LVI,13c,,,"Add.17,257,foll.84-94",,Here,,,,
"Add. 17,257, foll. 95-102",1,138,139,CCI,15c,,,"Add.17,257,foll.95-102",,Here,,,,
"Add. 17,258, foll. 1-118",1,381,381,CCCCXCI,13c-14c,,,"Add.17,258,foll.1-118",,Here,,,,
"Add. 17,258, foll. 119-190",1,328,328,CCCCXIX,13c,,,"Add.17,258,foll.119-190","Add.17,258,foll119-190",Here,,,,
"Add. 17,259 ",1,356,357,CCCCXLIII,13c,,,"Add.17,259","Add.17,259",,,,,
"Add. 17,260 ",1,397,398,DXXI,12c-13c,,,"Add.17,260","Add.17,260",,,,,
"Add. 17,261, foll. 1-8",1,357,357,CCCCXLV,13c,,,"Add.17,261,foll.1-8","Add.17,261,foll.1-8",,"Add.17,261",,,
"Add. 17,261, foll. 67-149",1,314,314,CCCXCVII,16c,,,"Add.17,261,foll.67-149","Add.17,261,foll.67-140",Here,,,,
"Add. 17,261, foll. 9-66",1,358,359,CCCCXLIX,13c-14c,,,"Add.17,261,foll.9-66","Add.17,261,foll.9-66",,,,,
"Add. 17,262 ",2,867,873,DCCCXXXVII,12c,,,"Add.17,262","Add.17,262",,,,,
"Add. 17,263 ",3,1079,1080,DCCCCXXXI,13c,,,"Add.17,263","Add.17,263",,,,,
"Add. 17,264 ",3,1078,1079,DCCCCXXX,13c,,,"Add.17,264",,Here,"Add.17,263,foll.70-103",,,
"Add. 17,265 ",3,1140,1141,DCCCCLXII,13c,,,"Add.17,265","Add.17,265",,,,,
"Add. 17,266, foll. 1-50",2,865,865,DCCCXXXIII,12c,(early),,"Add.17,266,foll.1-50","Add.17,266,foll.1-50",,,,,
"Add. 17,266, foll. 51-78",1,128,129,CLXXXIII,12c,,,"Add.17,266,foll.51-78","Add.17,266,foll.51-78",Here,"Add.17,266,foll.1-82",,,
"Add. 17,267, foll. 13-22",2,884,885,DCCCXLV,13c,,,"Add.17,267,foll.13-22","Add.17,267,foll.13-22",Here,"Add.17,267,fol.74",,,
"Add. 17,267, foll. 1-8",2,481,481,DCII,13c,,,"Add.17,267,foll.1-8","Add.17,267,foll.1-8",,"Add.17,267,fol.80",,,
"Add. 17,267, foll. 23-33",2,885,885,DCCCXLVI,13c,,,"Add.17,267,foll.23-33","Add.17,267,foll.23-33",,"Add.17,267,fol.81",,,
"Add. 17,267, foll. 34-49",2,885,886,DCCCXLVII,13c,,,"Add.17,267,foll.34-49","Add.17,267,foll.34-49",,"Add.17,267,foll,76-78",,,
"Add. 17,267, foll. 50-75",3,1146,1146,DCCCCLXIV,13c,,,"Add.17,267,foll.50-75","Add.17,267,foll.50-75",,"Add.17,267,foll.108-111",,,
"Add. 17,267, foll. 9-12",2,884,884,DCCCXLIV,13c,,,"Add.17,267,foll.9-12","Add.17,267,foll.9-12",,"Add.17,267,foll.22-73",,,
"Add. 17,268 ",1,129,129,CLXXXIV,12c,,,"Add.17,268","Add.17,268",,,,,
"Add. 17,269, foll. 1-38",1,382,382,CCCCXCIII,1499,,,"Add.17,269,foll.1-38","Add.17,269,foll.1-38",,"Add.17,268,foll.1-118",,,
"Add. 17,269, foll. 39-80",1,357,357,CCCCXLIV,13c,,,"Add.17,269,foll.39-80","Add.17,269,foll.39-80",,,,,
"Add. 17,269, foll. 81-88",1,213,213,CCLXXXI,15c,,,"Add.17,269,foll.81-88","Add.17,269,foll.81-88",,,,,
"Add. 17,269, foll. 89-92",1,378,378,CCCCLXXXI,14c,,,"Add.17,269,foll.89-92","Add.17,269,foll.89-92",,,,,
"Add. 17,270 ",2,482,482,DCV,9c,,,"Add.17,270","Add.17,270",,"Add.17,26i",,,
"Add. 17,271 ",1,297,298,CCCLX,12c-13c,,,"Add.17,271","Add.17,271",,,,,
"Add. 17,272, foll. 100-105",1,296,296,CCCLVI,13c,,,"Add.17,272,foll.100-105","Add.17,272,foll.100-106",Here,,,,
"Add. 17,272, foll. 106-112",1,324,324,CCCCXI,13c,,,"Add.17,272,foll.106-112",,Here,,,,
"Add. 17,272, foll. 1-29",1,311,311,CCCLXXXVIII,13c,,,"Add.17,272,foll.1-29","Add.17,272,foll.30-63",,,,,
"Add. 17,272, foll. 30-63",2,517,517,DCLXXI,1565,,,"Add.17,272,foll.30-63","Add.17,272,foll.64-67",,,,,
"Add. 17,272, foll. 64-67",3,1148,1148,DCCCCLXVIII,12c,,,"Add.17,272,foll.64-67","Add.17,272,foll.68-74",,,,,
"Add. 17,272, foll. 68-74",2,1022,1023,DCCCLXXIX,13c,,,"Add.17,272,foll.68-74","Add.17,272,foll.75-99",,,,,
"Add. 17,272, foll. 75-99",1,298,298,CCCLXI,13c,,,"Add.17,272,foll.75-99","Add.17,272,folL1-29",,,,,
"Add. 17,273 ",1,347,349,CCCCXXXI,9c,,,"Add.17,273","Add.17,273",,,,,
"Add. 17,274 ",2,62,62,DCCXX,11c-12c,,,"Add.17,274","Add.17,274",,,,,
"Add. 17,922 ",1,6,6,LXXXIV,1222-3,,,"Add.17,922","Add.17,922",,"Add.17,280,foll.1-19",,,
"Add. 17,923 ",1,182,188,CCXLVI,11c,,,"Add.17,923",,Here,"Add.17,2f8,foll.41,42",,,
"Add. 17,983 ",1,61,62,LXXXVI,1438,,,"Add.17,983","Add.17,983",,Add.17.166,,,
"Add. 18,295 ",3,1183,1184,MII,1603,,,"Add.18,295","Add.18,295",,,,,
"Add. 18,296 ",2,628,630,DCCXXV,1714,,,"Add.18,296","Add.18,296",,,,,
"Add. 18,714 ",1,161,167,CCXXVI,1214,,,"Add.18,714","Add.18,714",,,,,
"Add. 18,715 ",1,18,20,XXXII,12c,,,"Add.18,715","Add.18,715",,,,,
"Add. 18,716 ",2,901,903,DCCCLI,15c-16c,,,"Add.18,716","Add.18,716",,,,,
"Add. 18,812 ",1,83,83,CXXIX,6c-7c,,,"Add.18,812","Add.18,812",,,,,
"Add. 18,813 ",2,729,731,DCCLXIII,7c,,,"Add.18,813","Add.18,813",,,,,
"Add. 18,814, foll. 103-262",2,793,796,DCCXCVII,9c,,,"Add.18,814,foll.103-262","Add.18,814,foll.103-262",,,,,
"Add. 18,814, foll. 1-102",2,734,736,DCCLXVII,7c-8c,,,"Add.18,814,foll.1-102","Add.18,814,foll.1-102",,,,,
"Add. 18,815",2,436,437,DLIX,9c,,,"Add.18,815","Add.18,815",,,,,
"Add. 18,816",1,339,340,CCCCXXII,9c,,,"Add.18,816","Add.18,816",,,,,
"Add. 18,817",2,803,806,DCCCI,9c,,,"Add.18,817","Add.18,817",,,,,
"Add. 18,818",2,489,489,DCXVII,7c,,,"Add.18,818","Add.18,818",,,,,
"Add. 18,819, foll. 110-120",1,345,345,CCCCXXVIII,10c-11c,,,"Add.18,819,foll.110-120","Add.18,819,foll.110-120",,,,,
"Add. 18,819, foll. 1-91",1,340,341,CCCCXXIV,9c-10c,,,"Add.18,819,foll.1-91","Add.18,819,foll.1-91",,,,,
"Add. 18,819, foll. 92-109",1,34,34,CCCCXXIII,884,,,"Add.18,819,foll.92-109","Add.18,819,foll.92-109",,,,,
"Add. 18,820, foll. 1-16",1,276,276,CCCXXXII,12c,,,"Add.18,820,foll.1-16","Add.18,820,foll.1-16",,,,,
"Add. 18,820, foll. 17-55",1,269,270,CCCXXIII,11c-12c,,,"Add.18,820,foll.17-55","Add.18,820,foll.17-55",,,,,
"Add. 18,821 ",2,775,776,DCCLXXXVI,9c,,,"Add.18,821","Add.18,821",,,,,
"Add. 21,031",1,327,328,CCCCXVIII,1213,,,"Add.21,031","Add.21,031",,,,,
"Add. 21,210",2,876,882,DCCCXLI,1242,,,"Add.21,210","Add.21,210",,,,,
"Add. 21,211",3,1180,1182,MI,1831,,,"Add.21,211","Add.21,211",,,,,
"Add. 21,454",3,1165,1167,DCCCCXCV,13c,,,"Add.21,454","Add.21,454",,,,,
"Add. 21,580 ",2,624,626,DCCXXIII,1478,,,"Add.21,580","Add.21,580",,,,,
"Add. 22,370",2,500,501,DCXXIX,14c-15c,,,"Add.22,370","Add.22,370",,,,,
"Add. 23,596",2,626,628,DCCXXIV,1720,,,"Add.23,596","Add.23,596",,,,,
"Add. 23,597",3,1173,1174,DCCCCXCVIII,18c,,,"Add.23,597","Add.23,599",Here,,,,
"Add. 25,874",1,213,214,CCLXXXII,1740,,,"Add.25,874","Add.25,874",,"Add.23,600",,,
"Add. 25,875",3,1064,1069,DCCCCXXII,1709-10,,,"Add.25,875","Add.25,875",,"Add.23,601",,,
"Add. 25,876",3,1174,1179,DCCCCXCIX,16c,,,"Add.25,876","Add.25,876",,"Add.23,602.A,foll.1-75",,,
"Add. 25,877",3,1179,1179,M,1733,,,"Add.25,877","Add.25,877",,"Add.23,602.A,foll.76-98",,,
"Add. 25,878, foll. 1-70",3,1192,1193,MVIII,17c,,,"Add.25,878,foll.1-70",,Here,"Add.23,602.A,foll.99-101",,,
"Add. 25,878, foll. 71-87",1,139,139,CCII,15c,,,"Add.25,878,foll.71-87","Add.25,878,foll.71-87",,"Add.23,602.B,fol.22",,,
"Add. 26,552 ",1,137,138,CXCVIII,14c,,,"Add.26,552","Add.26,552",,"Add.23,602.B,fol.25",,,
Egerton 681 ,1,190,194,CCXLVIII,1206-07,,,Egerton681,,,"Add.23,602.B,foll.1-18",,,
Egerton 703 ,1,237,239,CCCV,1683,,,Egerton703,,,"Add.23,602.B,foll.19-21",,,
Egerton 704 ,1,1,3,I,17c,,,Egerton704,,,"Add.23,602.B,foll.23,24",,,
Egerton 709 ,3,1190,1191,MVII,16c,,,Egerton709,,,"Add.23,602.B,foll.26-28",,,
Harl. 5512 ,1,214,216,CCLXXXIII,1549,,,Harl.5512,,,"Add.I47O8,foll.1-51",,,
Orient. 1017 ,2,890,901,DCCCL,1364,,,Orient.1017,,,"Add.i7,272,foll.106-112",,,
Sloane 3597 ,1,236,237,CCCIV,1701-2,,,Sloane3597,,,,,,
